DBN,Name,Borough,District,attd
01M015,P.S. 015 Roberto Clemente,Manhattan,1,92.6%
01M019,P.S. 019 Asher Levy,Manhattan,1,91.2%
01M020,P.S. 020 Anna Silver,Manhattan,1,92.1%
01M034,P.S. 034 Franklin D. Roosevelt,Manhattan,1,88.5%
01M063,The STAR Academy - P.S.63,Manhattan,1,90.9%
01M064,P.S. 064 Robert Simon,Manhattan,1,88.7%
01M110,P.S. 110 Florence Nightingale,Manhattan,1,93.9%
01M134,P.S. 134 Henrietta Szold,Manhattan,1,89.3%
01M140,P.S. 140 Nathan Straus,Manhattan,1,88.5%
01M142,P.S. 142 Amalia Castro,Manhattan,1,90.7%
01M184,P.S. 184m Shuang Wen,Manhattan,1,97.6%
01M188,P.S. 188 The Island School,Manhattan,1,87.8%
01M292,Orchard Collegiate Academy,Manhattan,1,91.8%
01M315,The East Village Community School,Manhattan,1,94.7%
01M332,University Neighborhood Middle School,Manhattan,1,91.7%
01M361,The Children's Workshop School,Manhattan,1,91.8%
01M363,Neighborhood School,Manhattan,1,93.4%
01M364,Earth School,Manhattan,1,93.1%
01M378,School for Global Leaders,Manhattan,1,89.2%
01M448,University Neighborhood High School,Manhattan,1,91.2%
01M450,East Side Community School,Manhattan,1,94.7%
01M458,Forsyth Satellite Academy,Manhattan,1,54.0%
01M509,Marta Valle High School,Manhattan,1,79.7%
01M515,Lower East Side Preparatory High School,Manhattan,1,74.4%
01M539,"New Explorations into Science, Technology and Math",Manhattan,1,96.1%
01M650,Cascades High School,Manhattan,1,58.0%
01M696,Bard High School Early College,Manhattan,1,95.0%
01M839,Tompkins Square Middle School,Manhattan,1,95.1%
02M001,P.S. 001 Alfred E. Smith,Manhattan,2,94.3%
02M002,P.S. 002 Meyer London,Manhattan,2,96.3%
02M003,P.S. 003 Charrette School,Manhattan,2,93.6%
02M006,P.S. 006 Lillie D. Blake,Manhattan,2,95.6%
02M011,P.S. 011 William T. Harris,Manhattan,2,94.9%
02M033,P.S. 033 Chelsea Prep,Manhattan,2,92.9%
02M040,P.S. 040 Augustus Saint-Gaudens,Manhattan,2,95.7%
02M041,P.S. 041 Greenwich Village,Manhattan,2,95.8%
02M042,P.S. 042 Benjamin Altman,Manhattan,2,97.1%
02M047,47 The American Sign Language and English Secondar,Manhattan,2,90.1%
02M051,P.S. 051 Elias Howe,Manhattan,2,91.6%
02M059,P.S. 059 Beekman Hill International,Manhattan,2,95.7%
02M077,P.S. 77 Lower Lab School,Manhattan,2,96.8%
02M089,P.S. 89,Manhattan,2,96.1%
02M104,J.H.S. 104 Simon Baruch,Manhattan,2,96.5%
02M111,P.S. 111 Adolph S. Ochs,Manhattan,2,91.5%
02M114,East Side Middle School,Manhattan,2,97.4%
02M116,P.S. 116 Mary Lindley Murray,Manhattan,2,94.3%
02M124,P.S. 124 Yung Wing,Manhattan,2,97.9%
02M126,P.S. 126 Jacob August Riis,Manhattan,2,96.8%
02M130,P.S. 130 Hernando De Soto,Manhattan,2,98.0%
02M131,M.S. 131,Manhattan,2,97.3%
02M135,The Urban Assembly School for Emergency Management,Manhattan,2,86.2%
02M139,Stephen T. Mather Building Arts & Craftsmanship Hi,Manhattan,2,84.9%
02M150,P.S. 150,Manhattan,2,96.2%
02M151,Yorkville Community School,Manhattan,2,93.2%
02M158,P.S. 158 Bayard Taylor,Manhattan,2,95.3%
02M167,J.H.S. 167 Robert F. Wagner,Manhattan,2,95.9%
02M177,Yorkville East Middle School,Manhattan,2,95.0%
02M183,P.S. 183 Robert L. Stevenson,Manhattan,2,96.0%
02M198,P.S. 198 Isador E. Ida Straus,Manhattan,2,94.4%
02M212,P.S. 212 Midtown West,Manhattan,2,94.8%
02M217,P.S./I.S. 217 Roosevelt Island,Manhattan,2,95.0%
02M225,Ella Baker School,Manhattan,2,93.2%
02M234,P.S. 234 Independence School,Manhattan,2,95.6%
02M255,M.S. 255 Salk School of Science,Manhattan,2,97.2%
02M260,The Clinton School,Manhattan,2,96.1%
02M267,"East Side Elementary School, PS 267",Manhattan,2,95.5%
02M276,Battery Park City School,Manhattan,2,95.5%
02M280,Manhattan Early College School for Advertising,Manhattan,2,89.4%
02M281,The River School,Manhattan,2,94.8%
02M282,Urban Assembly Maker Academy,Manhattan,2,89.2%
02M288,Food and Finance High School,Manhattan,2,88.0%
02M289,I.S. 289,Manhattan,2,96.9%
02M290,P.S. 290 Manhattan New School,Manhattan,2,95.6%
02M294,Essex Street Academy,Manhattan,2,88.8%
02M296,High School of Hospitality Management,Manhattan,2,84.3%
02M297,M.S. 297,Manhattan,2,94.3%
02M298,Pace High School,Manhattan,2,87.1%
02M300,"Urban Assembly School of Design and Construction,",Manhattan,2,81.5%
02M303,"Facing History School, The",Manhattan,2,80.2%
02M305,"Urban Assembly Academy of Government and Law, The",Manhattan,2,85.3%
02M308,Lower Manhattan Arts Academy,Manhattan,2,87.2%
02M312,New York City Lab Middle School for Collaborative,Manhattan,2,98.2%
02M313,"James Baldwin School, The: A School for Expedition",Manhattan,2,67.5%
02M316,"Urban Assembly School of Business for Young Women,",Manhattan,2,81.2%
02M340,Sixth Avenue Elementary School,Manhattan,2,94.6%
02M343,The Peck Slip School,Manhattan,2,95.6%
02M347,The 47 American Sign Language & English Lower Scho,Manhattan,2,90.4%
02M374,Gramercy Arts High School,Manhattan,2,84.2%
02M376,NYC iSchool,Manhattan,2,94.9%
02M392,MANHATTAN BUSINESS ACADEMY,Manhattan,2,85.0%
02M393,Business Of Sports School,Manhattan,2,85.7%
02M394,Emma Lazarus High School,Manhattan,2,92.2%
02M397,Spruce Street School,Manhattan,2,95.0%
02M399,The High School For Language And Diplomacy,Manhattan,2,83.4%
02M400,High School for Environmental Studies,Manhattan,2,86.3%
02M407,Institute for Collaborative Education,Manhattan,2,93.6%
02M408,Professional Performing Arts High School,Manhattan,2,93.6%
02M411,Baruch College Campus High School,Manhattan,2,96.2%
02M412,N.Y.C. Lab School for Collaborative Studies,Manhattan,2,94.2%
02M413,School of the Future High School,Manhattan,2,95.6%
02M414,N.Y.C. Museum School,Manhattan,2,93.2%
02M416,Eleanor Roosevelt High School,Manhattan,2,97.0%
02M418,Millennium High School,Manhattan,2,97.2%
02M419,Landmark High School,Manhattan,2,80.2%
02M420,High School for Health Professions and Human Servi,Manhattan,2,92.1%
02M422,Quest to Learn,Manhattan,2,88.0%
02M425,Leadership and Public Service High School,Manhattan,2,83.3%
02M427,MANHATTAN ACADEMY FOR ARTS & LANGUAGE,Manhattan,2,86.4%
02M432,Murray Hill Academy,Manhattan,2,80.8%
02M437,Hudson High School of Learning Technologies,Manhattan,2,82.6%
02M438,International High School at Union Square,Manhattan,2,88.7%
02M439,Manhattan Village Academy,Manhattan,2,98.2%
02M442,"Ballet Tech, NYC Public School for Dance",Manhattan,2,96.7%
02M449,Vanguard High School,Manhattan,2,87.3%
02M459,Manhattan International High School,Manhattan,2,87.7%
02M475,Stuyvesant High School,Manhattan,2,97.0%
02M489,High School of Economics and Finance,Manhattan,2,89.9%
02M500,Unity Center for Urban Technologies,Manhattan,2,80.9%
02M507,Urban Assembly Gateway School for Technology,Manhattan,2,92.4%
02M519,Talent Unlimited High School,Manhattan,2,91.1%
02M520,Murry Bergtraum High School for Business Careers,Manhattan,2,78.5%
02M527,P.S. 527 - East Side School for Social Action,Manhattan,2,95.6%
02M529,Jacqueline Kennedy Onassis High School,Manhattan,2,78.4%
02M531,Repertory Company High School for Theatre Arts,Manhattan,2,91.3%
02M533,Union Square Academy for Health Sciences,Manhattan,2,88.0%
02M534,Harvest Collegiate High School,Manhattan,2,86.3%
02M542,Manhattan Bridges High School,Manhattan,2,90.6%
02M543,New Design High School,Manhattan,2,82.9%
02M544,Independence High School,Manhattan,2,53.2%
02M545,High School for Dual Language and Asian Studies,Manhattan,2,98.5%
02M546,Academy for Software Engineering,Manhattan,2,89.5%
02M550,Liberty High School Academy for Newcomers,Manhattan,2,85.9%
02M551,Urban Assembly New York Harbor School,Manhattan,2,89.3%
02M560,High School M560 - City As School,Manhattan,2,43.8%
02M565,Urban Academy Laboratory High School,Manhattan,2,93.8%
02M570,Satellite Academy High School,Manhattan,2,57.0%
02M575,Manhattan Comprehensive Night and Day High School,Manhattan,2,72.9%
02M580,Richard R. Green High School of Teaching,Manhattan,2,90.5%
02M586,Harvey Milk High School,Manhattan,2,70.1%
02M600,The High School of Fashion Industries,Manhattan,2,90.4%
02M605,Humanities Preparatory Academy,Manhattan,2,84.1%
02M615,Chelsea Career and Technical Education High School,Manhattan,2,85.8%
02M630,Art and Design High School,Manhattan,2,89.6%
02M655,Life Sciences Secondary School,Manhattan,2,77.8%
02M896,Lower Manhattan Community Middle School,Manhattan,2,96.7%
02M933,City Knoll Middle School,Manhattan,2,91.3%
03M009,P.S. 009 Sarah Anderson,Manhattan,3,95.6%
03M054,J.H.S. 054 Booker T. Washington,Manhattan,3,96.5%
03M075,P.S. 075 Emily Dickinson,Manhattan,3,93.5%
03M076,P.S. 076 A. Philip Randolph,Manhattan,3,88.9%
03M084,P.S. 084 Lillian Weber,Manhattan,3,93.7%
03M087,P.S. 087 William Sherman,Manhattan,3,95.6%
03M145,"P.S. 145, The Bloomingdale School",Manhattan,3,88.0%
03M149,P.S. 149 Sojourner Truth,Manhattan,3,93.7%
03M163,P.S. 163 Alfred E. Smith,Manhattan,3,93.6%
03M165,P.S. 165 Robert E. Simon,Manhattan,3,91.1%
03M166,P.S. 166 The Richard Rodgers School of The Arts an,Manhattan,3,96.2%
03M180,P.S. 180 Hugo Newman,Manhattan,3,90.6%
03M185,The Locke School of Arts and Engineering,Manhattan,3,91.3%
03M191,The Riverside School for Makers and Artists,Manhattan,3,90.7%
03M199,P.S. 199 Jessie Isador Straus,Manhattan,3,96.0%
03M241,STEM Institute of Manhattan,Manhattan,3,92.0%
03M242,P.S. 242 - The Young Diplomats Magnet Academy,Manhattan,3,90.5%
03M243,M.S. 243 Center School,Manhattan,3,97.3%
03M245,M.S. M245 The Computer School,Manhattan,3,96.2%
03M247,M.S. M247 Dual Language Middle School,Manhattan,3,95.3%
03M250,M.S. 250 West Side Collaborative Middle School,Manhattan,3,91.4%
03M256,Lafayette Academy,Manhattan,3,92.4%
03M258,Community Action School - MS 258,Manhattan,3,92.9%
03M291,West End Secondary School,Manhattan,3,96.0%
03M299,The Maxine Greene HS for Imaginative Inquiry,Manhattan,3,81.5%
03M307,"Urban Assembly School for Media Studies, The",Manhattan,3,85.2%
03M333,P.S. 333 Manhattan School for Children,Manhattan,3,94.2%
03M334,The Anderson School,Manhattan,3,97.4%
03M402,The Urban Assembly School for Green Careers,Manhattan,3,82.0%
03M403,The Global Learning Collaborative,Manhattan,3,85.8%
03M404,Innovation Diploma Plus,Manhattan,3,65.9%
03M415,Wadleigh Secondary School for the Performing & Vis,Manhattan,3,87.3%
03M417,Frank Mccourt High School,Manhattan,3,91.7%
03M421,West Prep Academy,Manhattan,3,91.2%
03M452,P.S. 452,Manhattan,3,94.4%
03M479,Beacon High School,Manhattan,3,96.9%
03M485,Fiorello H. LaGuardia High School of Music & Art a,Manhattan,3,95.2%
03M492,"High School for Law, Advocacy and Community Justic",Manhattan,3,85.8%
03M494,High School of Arts and Technology,Manhattan,3,81.2%
03M505,Edward A. Reynolds West Side High School,Manhattan,3,54.5%
03M541,Manhattan / Hunter Science High School,Manhattan,3,97.5%
03M859,Special Music School,Manhattan,3,94.6%
03M860,Frederick Douglass Academy II Secondary School,Manhattan,3,83.0%
03M862,Mott Hall II,Manhattan,3,95.5%
04M007,P.S. 007 Samuel Stern,Manhattan,4,87.6%
04M012,Tag Young Scholars,Manhattan,4,96.9%
04M037,River East Elementary,Manhattan,4,90.2%
04M038,P.S. 38 Roberto Clemente,Manhattan,4,88.6%
04M057,James Weldon Johnson,Manhattan,4,90.5%
04M072,The Lexington Academy,Manhattan,4,89.2%
04M083,P.S. 083 Luis Munoz Rivera,Manhattan,4,92.3%
04M096,P.S. 096 Joseph Lanzetta,Manhattan,4,90.1%
04M102,P.S. 102 Jacques Cartier,Manhattan,4,89.8%
04M108,P.S. 108 Assemblyman Angelo Del Toro Educational C,Manhattan,4,88.5%
04M112,P.S. 112 Jose Celso Barbosa,Manhattan,4,89.2%
04M146,P.S. 146 Ann M. Short,Manhattan,4,90.3%
04M155,P.S. 155 William Paca,Manhattan,4,91.1%
04M171,P.S. 171 Patrick Henry,Manhattan,4,92.5%
04M182,The Bilingual Bicultural School,Manhattan,4,91.4%
04M206,P.S. 206 Jose Celso Barbosa,Manhattan,4,92.1%
04M224,M.S. 224 Manhattan East School for Arts & Academic,Manhattan,4,94.3%
04M310,THE JUDITH S. KAYE HIGH SCHOOL,Manhattan,4,59.8%
04M372,Esperanza Preparatory Academy,Manhattan,4,89.0%
04M375,Mosaic Preparatory Academy,Manhattan,4,86.3%
04M377,Renaissance School of the Arts,Manhattan,4,91.9%
04M435,Manhattan Center for Science and Mathematics,Manhattan,4,94.1%
04M495,Park East High School,Manhattan,4,94.5%
04M497,Central Park East I,Manhattan,4,92.7%
04M555,Central Park East High School,Manhattan,4,97.0%
04M610,Young Women's Leadership School,Manhattan,4,94.5%
04M680,"Heritage School, The",Manhattan,4,88.5%
04M825,Isaac Newton Middle School for Math & Science,Manhattan,4,92.8%
04M964,Central Park East II,Manhattan,4,92.2%
05M030,P.S. 030 Hernandez/Hughes,Manhattan,5,89.8%
05M036,P.S. 036 Margaret Douglas,Manhattan,5,89.7%
05M046,P.S. 046 Arthur Tappan,Manhattan,5,88.3%
05M092,P.S. 092 Mary McLeod Bethune,Manhattan,5,89.2%
05M123,P.S. 123 Mahalia Jackson,Manhattan,5,90.4%
05M125,P.S. 125 Ralph Bunche,Manhattan,5,90.7%
05M129,P.S. 129 John H. Finley,Manhattan,5,88.6%
05M133,P.S. 133 Fred R Moore,Manhattan,5,88.9%
05M148,Eagle Academy for Young Men of Harlem,Manhattan,5,85.4%
05M154,P.S. 154 Harriet Tubman,Manhattan,5,90.7%
05M157,The Urban Assembly School for Global Commerce,Manhattan,5,76.5%
05M161,P.S. 161 Pedro Albizu Campos,Manhattan,5,90.0%
05M175,P.S. 175 Henry H Garnet,Manhattan,5,90.2%
05M194,P.S. 194 Countee Cullen,Manhattan,5,91.8%
05M197,P.S. 197 John B. Russwurm,Manhattan,5,88.3%
05M200,P.S. 200- The James Mccune Smith School,Manhattan,5,86.3%
05M285,Harlem Renaissance High School,Manhattan,5,59.4%
05M286,Urban Assembly Academy for Future Leaders,Manhattan,5,86.2%
05M304,Mott Hall High School,Manhattan,5,85.0%
05M318,Thurgood Marshall Academy Lower School,Manhattan,5,91.0%
05M362,Columbia Secondary School,Manhattan,5,94.3%
05M369,Urban Assembly School for the Performing Arts,Manhattan,5,83.0%
05M499,Frederick Douglass Academy,Manhattan,5,89.3%
05M514,New Design Middle School,Manhattan,5,84.6%
05M517,Teachers College Community School,Manhattan,5,94.4%
05M670,Thurgood Marshall Academy for Learning and Social,Manhattan,5,91.8%
05M692,"High School for Mathematics, Science and Engineeri",Manhattan,5,95.4%
06M004,P.S. 004 Duke Ellington,Manhattan,6,91.6%
06M005,P.S. 005 Ellen Lurie,Manhattan,6,91.8%
06M008,P.S. 008 Luis Belliard,Manhattan,6,93.3%
06M018,P.S. 018 Park Terrace,Manhattan,6,94.2%
06M028,P.S. 028 Wright Brothers,Manhattan,6,92.3%
06M048,P.S. 048 P.O. Michael J. Buczek,Manhattan,6,93.6%
06M052,Harold O. Levy School,Manhattan,6,92.0%
06M098,P.S. 098 Shorac Kappock,Manhattan,6,90.9%
06M103,Dos Puentes Elementary School,Manhattan,6,95.4%
06M115,P.S. 115 Alexander Humboldt,Manhattan,6,90.2%
06M128,P.S. 128 Audubon,Manhattan,6,91.4%
06M132,P.S. 132 Juan Pablo Duarte,Manhattan,6,93.2%
06M143,J.H.S. 143 Eleanor Roosevelt,Manhattan,6,91.9%
06M152,P.S. 152 Dyckman Valley,Manhattan,6,92.0%
06M153,P.S. 153 Adam Clayton Powell,Manhattan,6,92.6%
06M173,P.S. 173,Manhattan,6,92.2%
06M178,Professor Juan Bosch Public School,Manhattan,6,94.7%
06M187,P.S./I.S. 187 Hudson Cliffs,Manhattan,6,94.8%
06M189,P.S. 189,Manhattan,6,92.4%
06M192,P.S. 192 Jacob H. Schiff,Manhattan,6,91.2%
06M209,Hamilton Grange Middle School,Manhattan,6,94.1%
06M210,P.S./I.S. 210 - Twenty-first Century Academy for C,Manhattan,6,93.6%
06M211,Inwood Early College for Health and Information Te,Manhattan,6,83.3%
06M223,The Mott Hall School,Manhattan,6,95.3%
06M278,Paula Hedbavny School,Manhattan,6,94.6%
06M293,City College Academy of the Arts,Manhattan,6,94.4%
06M311,Amistad Dual Language School,Manhattan,6,95.6%
06M314,Muscota,Manhattan,6,95.7%
06M319,M.S. 319 - Maria Teresa,Manhattan,6,95.5%
06M322,Middle School 322,Manhattan,6,92.3%
06M324,M.S. 324 - Patria Mirabal,Manhattan,6,93.0%
06M328,Community Math & Science Prep,Manhattan,6,88.7%
06M346,Community Health Academy of the Heights,Manhattan,6,87.0%
06M348,Washington Heights Expeditionary Learning School,Manhattan,6,91.6%
06M349,Harbor Heights,Manhattan,6,93.1%
06M366,Washington Heights Academy,Manhattan,6,93.2%
06M368,Hamilton Heights School,Manhattan,6,93.4%
06M423,High School for Excellence and Innovation,Manhattan,6,77.0%
06M462,The College Academy,Manhattan,6,81.9%
06M463,High School for Media and Communications,Manhattan,6,89.5%
06M467,High School for Law and Public Service,Manhattan,6,80.6%
06M468,High School for Health Careers and Sciences,Manhattan,6,88.8%
06M513,Castle Bridge School,Manhattan,6,94.5%
06M528,I.S. 528 Bea Fuller Rodgers School,Manhattan,6,97.1%
06M540,A. Philip Randolph Campus High School,Manhattan,6,85.8%
06M552,Gregorio Luperon High School for Science and Mathe,Manhattan,6,91.4%
07X001,P.S. 001 Courtlandt School,Bronx,7,89.5%
07X005,P.S. 5 Port Morris,Bronx,7,89.6%
07X018,P.S. 018 John Peter Zenger,Bronx,7,90.0%
07X025,P.S. 025 Bilingual School,Bronx,7,91.1%
07X029,P.S./M.S. 029 Melrose School,Bronx,7,90.2%
07X030,P.S. 030 Wilton,Bronx,7,89.5%
07X031,P.S./M.S. 031 The William Lloyd Garrison,Bronx,7,92.1%
07X043,P.S. 043 Jonas Bronck,Bronx,7,90.0%
07X049,P.S. 049 Willis Avenue,Bronx,7,91.5%
07X065,P.S. 065 Mother Hale Academy,Bronx,7,87.9%
07X151,J.H.S. 151 Lou Gehrig,Bronx,7,88.7%
07X154,P.S. 154 Jonathan D. Hyatt,Bronx,7,92.9%
07X157,P.S. 157 Grove Hill,Bronx,7,88.4%
07X161,P.S. 161 Juan Ponce De Leon School,Bronx,7,89.2%
07X179,P.S. 179,Bronx,7,89.2%
07X221,South Bronx Preparatory: A College Board School,Bronx,7,93.2%
07X223,The Laboratory School of Finance and Technology: X,Bronx,7,91.9%
07X224,P.S./I.S. 224,Bronx,7,89.1%
07X259,"H.E.R.O. High (Health, Education, and Research Occ",Bronx,7,85.3%
07X277,P.S. 277,Bronx,7,88.3%
07X296,South Bronx Academy for Applied Media,Bronx,7,90.0%
07X298,Academy of Public Relations,Bronx,7,90.3%
07X334,International Community High School,Bronx,7,88.9%
07X343,Academy of Applied Mathematics and Technology,Bronx,7,92.7%
07X359,Concourse Village Elementary School,Bronx,7,93.0%
07X369,Young Leaders Elementary School,Bronx,7,92.2%
07X379,Jill Chaifetz Transfer High School,Bronx,7,53.9%
07X381,Bronx Haven High School,Bronx,7,57.0%
07X427,Community School for Social Justice,Bronx,7,81.1%
07X473,Mott Haven Village Preparatory High School,Bronx,7,76.6%
07X495,University Heights Secondary School,Bronx,7,93.9%
07X500,Hostos-Lincoln Academy of Science,Bronx,7,91.5%
07X522,Bronx Design and Construction Academy,Bronx,7,80.7%
07X527,Bronx Leadership Academy II High School,Bronx,7,85.5%
07X548,Careers in Sports High School,Bronx,7,82.2%
07X551,The Urban Assembly Bronx Academy of Letters,Bronx,7,84.6%
07X557,Mott Haven Community High School,Bronx,7,56.6%
07X584,I.S. 584,Bronx,7,89.6%
07X600,Alfred E. Smith Career and Technical Education Hig,Bronx,7,86.6%
07X670,Health Opportunities High School,Bronx,7,82.2%
08X014,P.S. X014 Senator John Calandra,Bronx,8,93.0%
08X036,P.S. 036 Unionport,Bronx,8,93.3%
08X048,P.S. 048 Joseph R. Drake,Bronx,8,89.7%
08X062,P.S. 062 Inocensio Casanova,Bronx,8,89.8%
08X069,P.S. 069 Journey Prep School,Bronx,8,92.0%
08X071,P.S. 071 Rose E. Scala,Bronx,8,93.0%
08X072,P.S. 072 Dr. William Dorney,Bronx,8,90.1%
08X075,P.S. 75 School of Research and Discovery,Bronx,8,90.7%
08X093,P.S. 093 Albert G. Oliver,Bronx,8,89.5%
08X100,P.S. 100 Isaac Clason,Bronx,8,89.9%
08X101,M.S. X101 Edward R. Byrne,Bronx,8,94.6%
08X107,P.S. 107,Bronx,8,88.4%
08X119,The Dr. Emmett W. Bassett School,Bronx,8,91.9%
08X123,J.H.S. 123 James M. Kieran,Bronx,8,92.0%
08X130,P.S. 130 Abram Stevens Hewitt,Bronx,8,90.5%
08X131,J.H.S. 131 Albert Einstein,Bronx,8,91.4%
08X138,P.S. 138 Samuel Randall,Bronx,8,89.8%
08X140,P.S. X140 The Eagle School,Bronx,8,89.8%
08X146,P.S. 146 Edward Collins,Bronx,8,90.0%
08X152,P.S. 152 Evergreen,Bronx,8,92.5%
08X182,P.S. 182,Bronx,8,92.4%
08X269,Bronx Studio School for Writers and Artists,Bronx,8,88.7%
08X282,Women's Academy of Excellence,Bronx,8,78.9%
08X293,Renaissance High School for Musical Theater and th,Bronx,8,83.6%
08X301,M.S. 301 Paul L. Dunbar,Bronx,8,88.0%
08X302,M.S. 302 Luisa Dessus Cruz,Bronx,8,90.6%
08X304,P.S. 304 Early Childhood School,Bronx,8,92.9%
08X312,Millennium Art Academy,Bronx,8,83.6%
08X320,Pelham Lab High School,Bronx,8,83.1%
08X333,The Longwood Academy of Discovery,Bronx,8,89.6%
08X337,The School for Inquiry and Social Justice,Bronx,8,92.9%
08X348,Schuylerville Preparatory High School,Bronx,8,83.6%
08X349,Bronx River High School,Bronx,8,82.5%
08X367,"Archimedes Academy for Math, Science and Technolog",Bronx,8,87.5%
08X371,Urban Institute of Mathematics,Bronx,8,91.4%
08X375,The Bronx Mathematics Preparatory School,Bronx,8,90.2%
08X376,Antonia Pantoja Preparatory Academy: A College Boa,Bronx,8,85.8%
08X377,Bronx Community High School,Bronx,8,61.1%
08X392,Bronx Delta School,Bronx,8,91.9%
08X405,Herbert H. Lehman High School,Bronx,8,85.4%
08X424,The Hunts Point School,Bronx,8,91.6%
08X432,Bronx Bridges High School,Bronx,8,84.4%
08X448,Soundview Academy for Culture and Scholarship,Bronx,8,92.2%
08X452,Gotham Collaborative High School,Bronx,8,80.1%
08X467,Mott Hall Community School,Bronx,8,89.4%
08X519,Felisa Rincon de Gautier Institute for Law and Public Policy,Bronx,8,100.0%
08X530,Longwood Preparatory Academy,Bronx,8,82.3%
08X537,Bronx Arena High School,Bronx,8,53.1%
08X558,Westchester Square Academy,Bronx,8,82.0%
08X559,School for Tourism and Hospitality,Bronx,8,70.3%
08X561,Bronx Compass High School,Bronx,8,83.5%
08X562,Blueprint Middle School,Bronx,8,92.2%
08X583,P.S. 583,Bronx,8,89.2%
09X004,P.S./M.S. 004 Crotona Park West,Bronx,9,87.6%
09X011,P.S. 011 Highbridge,Bronx,9,89.5%
09X022,J.H.S. 022 Jordan L. Mott,Bronx,9,92.9%
09X028,P.S. 028 Mount Hope,Bronx,9,90.2%
09X035,P.S. 035 Franz Siegel,Bronx,9,92.6%
09X042,P.S. 042 Claremont,Bronx,9,92.9%
09X053,P.S. 053 Basheer Quisim,Bronx,9,89.5%
09X055,P.S. 055 Benjamin Franklin,Bronx,9,90.4%
09X058,P.S. 058,Bronx,9,88.4%
09X063,P.S. 063 Author's Academy,Bronx,9,90.0%
09X070,P.S. 070 Max Schoenfeld,Bronx,9,89.7%
09X073,P.S. 073 Bronx,Bronx,9,88.7%
09X088,P.S. X088 - S. Silverstein Little Sparrow School,Bronx,9,91.3%
09X109,P.S. 109 Sedgwick,Bronx,9,88.9%
09X110,P.S. 110 Theodore Schoenfeld,Bronx,9,91.8%
09X114,P.S. X114 - Luis Llorens Torres Schools,Bronx,9,91.4%
09X117,I.S. 117 Joseph H. Wade,Bronx,9,90.9%
09X126,P.S. 126 Dr Marjorie H Dunbar,Bronx,9,89.8%
09X128,Mott Hall III,Bronx,9,93.8%
09X132,P.S. 132 Garret A. Morgan,Bronx,9,88.9%
09X163,P.S. 163 Arthur A. Schomburg,Bronx,9,93.4%
09X170,P.S. 170,Bronx,9,91.8%
09X199,P.S. 199X - The Shakespeare School,Bronx,9,91.4%
09X204,P.S. 204 Morris Heights,Bronx,9,92.9%
09X215,Kappa,Bronx,9,91.5%
09X218,P.S./I.S. 218 Rafael Hernandez Dual Language Magne,Bronx,9,93.1%
09X219,I.S. 219 New Venture School,Bronx,9,88.6%
09X227,Bronx Collegiate Academy,Bronx,9,84.7%
09X229,I.S. 229 Roland Patterson,Bronx,9,88.3%
09X231,Eagle Academy for Young Men,Bronx,9,91.1%
09X232,I.S. 232,Bronx,9,90.8%
09X236,P.S. 236 Langston Hughes,Bronx,9,93.1%
09X241,Urban Assembly School for Applied Math and Science,Bronx,9,87.5%
09X250,Eximius College Preparatory Academy: A College Boa,Bronx,9,88.7%
09X252,Mott Hall Bronx High School,Bronx,9,84.0%
09X260,Bronx Center for Science and Mathematics,Bronx,9,91.4%
09X263,Validus Preparatory Academy,Bronx,9,83.8%
09X274,The New American Academy at Roberto Clemente State,Bronx,9,85.0%
09X294,The Walton Avenue School,Bronx,9,92.6%
09X297,Morris Academy for Collaborative Studies,Bronx,9,85.5%
09X303,I.S. X303 Leadership & Community Service,Bronx,9,93.1%
09X311,Lucero Elementary School,Bronx,9,91.7%
09X313,I.S. 313 School of Leadership Development,Bronx,9,91.5%
09X323,Bronx Writing Academy,Bronx,9,88.3%
09X324,Bronx Early College Academy for Teaching & Learnin,Bronx,9,91.8%
09X327,Comprehensive Model School Project M.S. 327,Bronx,9,88.6%
09X328,New Millennium Business Academy Middle School,Bronx,9,91.5%
09X329,DreamYard Preparatory School,Bronx,9,84.7%
09X339,I.S. 339,Bronx,9,91.7%
09X350,New Directions Secondary School,Bronx,9,68.6%
09X361,The Highbridge Green School,Bronx,9,93.9%
09X365,Academy for Language and Technology,Bronx,9,88.6%
09X403,Bronx International High School,Bronx,9,79.9%
09X404,School for Excellence,Bronx,9,73.8%
09X412,Bronx High School of Business,Bronx,9,82.9%
09X413,Bronx High School for Medical Science,Bronx,9,92.5%
09X443,The Family School,Bronx,9,91.3%
09X449,Grant Avenue Elementary School,Bronx,9,92.1%
09X454,Science and Technology Academy: A Mott Hall School,Bronx,9,92.3%
09X457,Sheridan Academy for Young Leaders,Bronx,9,90.3%
09X505,"Bronx School for Law, Government and Justice",Bronx,9,91.9%
09X517,Frederick Douglass Academy III Secondary School,Bronx,9,76.7%
09X525,Bronx Leadership Academy High School,Bronx,9,79.1%
09X543,High School for Violin and Dance,Bronx,9,76.7%
09X555,Mount Eden Children's Academy,Bronx,9,94.4%
09X564,Claremont International HS,Bronx,9,85.6%
09X568,Young Women's Leadership School of the Bronx,Bronx,9,91.5%
09X593,South Bronx International Middle School,Bronx,9,94.5%
09X594,M.S. 594,Bronx,9,90.2%
10X003,P.S. 3 Raul Julia Micro Society,Bronx,10,91.8%
10X007,Milton Fein School,Bronx,10,95.8%
10X008,P.S. 008 Isaac Varian,Bronx,10,91.5%
10X009,P.S. 9 Ryer Avenue Elementary School,Bronx,10,90.2%
10X015,P.S. X015 Institute for Environmental Learning,Bronx,10,93.7%
10X020,"PS/MS 20 P.O.George J. Werdann, III",Bronx,10,90.8%
10X023,P.S. 023 The New Children's School,Bronx,10,89.6%
10X024,P.S. 024 Spuyten Duyvil,Bronx,10,95.2%
10X032,P.S. 032 Belmont,Bronx,10,90.5%
10X033,P.S. 033 Timothy Dwight,Bronx,10,90.2%
10X037,P.S. X037 - Multiple Intelligence School,Bronx,10,89.9%
10X045,Thomas C. Giordano Middle School 45,Bronx,10,90.4%
10X046,P.S. 046 Edgar Allan Poe,Bronx,10,90.8%
10X051,P.S. 051 Bronx New School,Bronx,10,92.4%
10X054,P.S./I.S. 54,Bronx,10,93.4%
10X056,P.S. 056 Norwood Heights,Bronx,10,92.8%
10X059,P.S. 059 The Community School of Technology,Bronx,10,89.8%
10X077,Bedford Park Elementary School,Bronx,10,92.1%
10X080,J.H.S. 080 The Mosholu Parkway,Bronx,10,92.8%
10X081,P.S. 081 Robert J. Christen,Bronx,10,93.4%
10X085,P.S. 085 Great Expectations,Bronx,10,91.9%
10X086,P.S. 086 Kingsbridge Heights,Bronx,10,92.7%
10X091,P.S. 091 Bronx,Bronx,10,91.4%
10X094,P.S. 094 Kings College School,Bronx,10,90.6%
10X095,P.S. 095 Sheila Mencher,Bronx,10,91.1%
10X118,J.H.S. 118 William W. Niles,Bronx,10,91.2%
10X141,Riverdale / Kingsbridge Academy (Middle School / H,Bronx,10,93.6%
10X159,P.S. 159 Luis Munoz Marin Biling,Bronx,10,91.0%
10X205,P.S. 205 Fiorello LaGuardia,Bronx,10,92.3%
10X206,I.S. 206 Ann Mersereau,Bronx,10,90.4%
10X207,P.S. 207,Bronx,10,90.8%
10X209,P.S. 209,Bronx,10,93.7%
10X213,Bronx Engineering and Technology Academy,Bronx,10,79.0%
10X225,Theatre Arts Production Company School,Bronx,10,87.2%
10X226,P.S. 226,Bronx,10,93.6%
10X228,Jonas Bronck Academy,Bronx,10,98.2%
10X237,"The Marie Curie School for Medicine, Nursing, and",Bronx,10,79.3%
10X243,West Bronx Academy for the Future,Bronx,10,89.5%
10X244,The New School for Leadership and Journalism,Bronx,10,92.5%
10X246,P.S. 246 Poe Center,Bronx,10,91.7%
10X254,I.S. 254,Bronx,10,91.5%
10X264,Bronx Academy for Software Engineering (BASE),Bronx,10,85.0%
10X268,Kingsbridge International High School,Bronx,10,85.3%
28Q196,P.S. 196 Grand Central Parkway,Queens,28,95.8%
10X279,"P.S. 279 Captain Manuel Rivera, Jr.",Bronx,10,93.6%
10X280,P.S./M.S. 280 Mosholu Parkway,Bronx,10,91.8%
10X284,Bronx School of Law and Finance,Bronx,10,78.4%
10X291,P.S. 291,Bronx,10,91.0%
10X306,P.S. 306,Bronx,10,92.2%
10X307,Luisa Pineiro Fuentes School of Science and Discov,Bronx,10,94.9%
10X308,Bronx Dance Academy School,Bronx,10,92.8%
10X310,P.S. 310 Marble Hill,Bronx,10,92.8%
10X315,P.S. 315 Lab School,Bronx,10,92.6%
10X319,Providing Urban Learners Success In Education High,Bronx,10,68.6%
10X331,The Bronx School of Young Leaders,Bronx,10,94.2%
10X340,P.S. 340,Bronx,10,91.4%
10X342,International School for Liberal Arts,Bronx,10,92.1%
10X344,Ampark Neighborhood,Bronx,10,94.0%
10X351,Bronx Collaborative High School,Bronx,10,76.1%
10X353,World View High School,Bronx,10,91.4%
10X360,P.S. 360,Bronx,10,90.4%
10X363,Academy For Personal Leadership And Excellence,Bronx,10,92.9%
10X368,In-Tech Academy (M.S. / High School 368),Bronx,10,91.9%
10X374,Knowledge and Power Preparatory Academy Internatio,Bronx,10,85.1%
10X382,"Elementary School for Math, Science, and Technolog",Bronx,10,91.8%
10X386,School for Environmental Citizenship,Bronx,10,93.4%
10X390,M.S. 390,Bronx,10,95.0%
10X391,The Angelo Patri Middle School,Bronx,10,91.8%
10X396,P.S. 396,Bronx,10,94.2%
10X397,English Language Learners and International Suppor,Bronx,10,79.4%
10X433,High School for Teaching and the Professions,Bronx,10,85.0%
10X434,Belmont Preparatory High School,Bronx,10,89.1%
10X437,Fordham High School for the Arts,Bronx,10,91.3%
10X438,Fordham Leadership Academy,Bronx,10,94.3%
10X439,Bronx High School for Law and Community Service,Bronx,10,87.4%
10X440,DeWitt Clinton High School,Bronx,10,82.4%
10X442,"Celia Cruz Bronx High School of Music, The",Bronx,10,91.9%
10X445,The Bronx High School of Science,Bronx,10,96.9%
10X447,Creston Academy,Bronx,10,93.9%
10X459,East Fordham Academy for the Arts,Bronx,10,89.7%
10X477,Marble Hill High School for International Studies,Bronx,10,93.1%
10X524,Crotona International High School,Bronx,10,87.7%
10X546,Bronx Theatre High School,Bronx,10,80.6%
10X549,Discovery High School,Bronx,10,88.6%
10X565,High School for Energy and Technology,Bronx,10,83.1%
10X696,High School of American Studies at Lehman College,Bronx,10,96.3%
11X016,P.S. 016 Wakefield,Bronx,11,89.1%
11X019,P.S. 019 Judith K. Weiss,Bronx,11,94.3%
11X021,P.S. 021 Philip H. Sheridan,Bronx,11,90.5%
11X041,P.S. 041 Gun Hill Road,Bronx,11,90.6%
11X068,P.S. 068 Bronx,Bronx,11,91.9%
11X076,P.S. 076 The Bennington School,Bronx,11,91.5%
11X078,P.S. 078 Anne Hutchinson,Bronx,11,90.3%
11X083,P.S. 083 Donald Hertz,Bronx,11,94.6%
11X087,P.S. 087 Bronx,Bronx,11,92.4%
11X089,P.S. 089 Bronx,Bronx,11,92.0%
11X096,P.S. 096 Richard Rodgers,Bronx,11,91.3%
11X097,P.S. 097 Bronx,Bronx,11,93.4%
11X103,P.S. 103 Hector Fontanez,Bronx,11,89.4%
11X105,P.S. 105 Sen Abraham Bernstein,Bronx,11,91.5%
11X106,P.S. 106 Parkchester,Bronx,11,92.3%
11X108,P.S. 108 Philip J. Abinanti,Bronx,11,94.7%
11X111,P.S. 111 Seton Falls,Bronx,11,89.5%
11X112,P.S. 112 Bronxwood,Bronx,11,91.0%
11X121,P.S. 121 Throop,Bronx,11,92.1%
11X127,J.H.S. 127 The Castle Hill,Bronx,11,93.6%
11X144,J.H.S. 144 Michelangelo,Bronx,11,90.2%
11X153,P.S. 153 Helen Keller,Bronx,11,95.2%
11X160,P.S. 160 Walt Disney,Bronx,11,94.2%
11X169,Baychester Academy,Bronx,11,92.7%
11X175,P.S. 175 City Island,Bronx,11,95.2%
11X178,P.S. 178 - Dr. Selman Waksman,Bronx,11,93.1%
11X180,M.S. 180 Dr. Daniel Hale Williams,Bronx,11,94.7%
11X181,I.S. 181 Pablo Casals,Bronx,11,93.4%
11X189,Cornerstone Academy for Social Action,Bronx,11,92.0%
11X194,P.S./M.S. 194,Bronx,11,93.9%
11X249,Bronx Health Sciences High School,Bronx,11,94.2%
11X253,Bronx High School for Writing and Communication Ar,Bronx,11,84.2%
11X265,Bronx Lab School,Bronx,11,81.0%
11X270,Academy for Scholarship and Entrepreneurship: A Co,Bronx,11,83.6%
11X275,High School of Computers and Technology,Bronx,11,87.4%
11X287,North Bronx School of Empowerment,Bronx,11,89.2%
11X288,Collegiate Institute for Math and Science,Bronx,11,89.1%
11X290,Bronx Academy of Health Careers,Bronx,11,90.0%
11X299,Astor Collegiate Academy,Bronx,11,84.2%
11X326,Bronx Green Middle School,Bronx,11,91.4%
11X355,Bronx Alliance Middle School,Bronx,11,91.8%
11X357,Young Voices Academy of the Bronx,Bronx,11,93.4%
11X370,Leaders of Tomorrow,Bronx,11,91.2%
11X418,Bronx High School for the Visual Arts,Bronx,11,83.6%
11X455,Harry S Truman High School,Bronx,11,89.2%
11X462,Cornerstone Academy for Social Action Middle Schoo,Bronx,11,92.0%
11X468,Pelham Academy of Academics and Community Engageme,Bronx,11,92.4%
11X481,The STEAM Bridge School,Bronx,11,92.6%
11X483,The Matilda Avenue School,Bronx,11,90.3%
11X498,P.S./M.S. 11X498 - VAN NEST ACADEMY,Bronx,11,94.4%
11X508,Bronxdale High School,Bronx,11,85.2%
11X509,High School of Language and Innovation,Bronx,11,90.0%
11X513,New World High School,Bronx,11,89.8%
11X514,The Bronxwood Preparatory Academy,Bronx,11,90.8%
11X529,One World Middle School at Edenwald,Bronx,11,92.8%
11X532,Baychester Middle School,Bronx,11,91.8%
11X542,Pelham Preparatory Academy,Bronx,11,88.7%
11X544,High School for Contemporary Arts,Bronx,11,86.0%
11X545,Bronx Aerospace High School,Bronx,11,76.1%
11X556,Bronx Park Middle School,Bronx,11,90.3%
11X566,Pelham Gardens Middle School,Bronx,11,90.5%
11X567,Linden Tree Elementary School,Bronx,11,90.9%
12X006,P.S. 006 West Farms,Bronx,12,88.5%
12X044,P.S. 044 David C. Farragut,Bronx,12,89.4%
12X047,P.S. 047 John Randolph,Bronx,12,92.8%
12X057,P.S. 057 Crescent,Bronx,12,88.9%
12X061,P.S. 061 Francisco Oller,Bronx,12,91.8%
12X066,P.S. 066 School of Higher Expectations,Bronx,12,89.8%
12X067,P.S. 067 Mohegan School,Bronx,12,89.0%
12X092,P.S. 092 Adrian Hegeman,Bronx,12,100.0%
12X098,J.H.S. 098 Herman Ridder,Bronx,12,85.2%
12X129,M.S. 129 Academy for Independent Learning and Lead,Bronx,12,91.5%
12X134,P.S. 134 George F. Bristow,Bronx,12,88.9%
12X150,P.S. 150 Charles James Fox,Bronx,12,90.2%
12X190,E.S.M.T- I.S. 190,Bronx,12,91.2%
12X195,P.S. 195,Bronx,12,91.4%
12X196,P.S. 196,Bronx,12,93.0%
12X211,P.S. 211,Bronx,12,95.1%
12X212,P.S. 212,Bronx,12,90.2%
12X214,P.S. 214,Bronx,12,89.6%
12X217,School of Performing Arts,Bronx,12,90.3%
12X242,Mott Hall V,Bronx,12,91.0%
12X248,"Metropolitan High School, The",Bronx,12,77.6%
12X251,Explorations Academy H.S.,Bronx,12,81.9%
12X267,Bronx Latin,Bronx,12,90.2%
12X271,East Bronx Academy for the Future,Bronx,12,85.9%
12X273,Frederick Douglass Academy V. Middle School,Bronx,12,89.2%
12X286,Fannie Lou Hamer Middle School,Bronx,12,92.1%
12X300,The School of Science and Applied Learning,Bronx,12,90.4%
12X314,Fairmont Neighborhood School,Bronx,12,91.1%
12X316,Kappa III,Bronx,12,92.6%
12X318,"I.S. X318 Math, Science & Technology Through Arts",Bronx,12,90.1%
12X321,P.S. 321 William Penn,Bronx,12,100.0%
12X341,Accion Academy,Bronx,12,90.9%
12X383,Emolior Academy,Bronx,12,88.9%
12X388,Pan American International High School at Monroe,Bronx,12,87.5%
12X446,Arturo A. Schomburg Satellite Academy Bronx,Bronx,12,72.2%
12X458,Samara Community School,Bronx,12,94.0%
12X463,Urban Scholars Community School,Bronx,12,92.9%
12X478,The Cinema School,Bronx,12,89.1%
12X479,Bronx Career and College Preparatory High School,Bronx,12,80.7%
12X480,Bronx Regional High School,Bronx,12,61.3%
12X511,Bronx Envision Academy,Bronx,12,84.9%
12X521,The Metropolitan Soundview High School,Bronx,12,81.8%
12X531,Archer Elementary School,Bronx,12,89.8%
12X536,P.S. 536,Bronx,12,91.2%
12X550,High School of World Cultures,Bronx,12,85.5%
12X595,P.S. 595,Bronx,12,86.2%
12X682,Fannie Lou Hamer Freedom High School,Bronx,12,79.2%
12X684,Wings Academy,Bronx,12,78.0%
12X691,Bronx Little School,Bronx,12,92.8%
13K003,P.S. 003 The Bedford Village,Brooklyn,13,89.3%
13K008,P.S. 008 Robert Fulton,Brooklyn,13,95.0%
13K009,P.S. 009 Teunis G. Bergen,Brooklyn,13,94.3%
13K011,P.S. 011 Purvis J. Behan,Brooklyn,13,94.5%
13K020,P.S. 020 Clinton Hill,Brooklyn,13,91.7%
13K044,P.S. 044 Marcus Garvey,Brooklyn,13,87.6%
13K046,P.S. 046 Edward C. Blum,Brooklyn,13,87.0%
13K054,P.S. 054 Samuel C. Barnes,Brooklyn,13,88.8%
13K056,P.S. 056 Lewis H. Latimer,Brooklyn,13,91.4%
13K067,P.S. 067 Charles A. Dorsey,Brooklyn,13,90.4%
13K093,P.S. 093 William H. Prescott,Brooklyn,13,86.0%
13K113,M.S. 113 Ronald Edmonds Learning Center,Brooklyn,13,91.6%
13K133,P.S. 133 William A. Butler,Brooklyn,13,93.8%
13K256,P.S. 256 Benjamin Banneker,Brooklyn,13,87.8%
13K265,Dr. Susan S. McKinney Secondary School of the Arts,Brooklyn,13,81.4%
13K266,M.S. K266 - Park Place Community Middle School,Brooklyn,13,91.6%
13K270,P.S. 270 Johann DeKalb,Brooklyn,13,88.4%
13K282,P.S. 282 Park Slope,Brooklyn,13,91.6%
13K287,P.S. 287 Bailey K. Ashford,Brooklyn,13,88.3%
13K301,Satellite East Middle School,Brooklyn,13,88.9%
13K305,P.S. 305 Dr. Peter Ray,Brooklyn,13,87.5%
13K307,P.S. 307 Daniel Hale Williams,Brooklyn,13,90.1%
13K313,Dock Street School for STEAM Studies,Brooklyn,13,93.3%
13K350,Urban Assembly School for Music and Art,Brooklyn,13,81.0%
13K351,The Urban Assembly Unison School,Brooklyn,13,90.3%
13K412,Brooklyn Community Arts & Media High School (BCAM),Brooklyn,13,84.3%
13K419,"Science Skills Center High School for Science, Tec",Brooklyn,13,91.4%
13K430,Brooklyn Technical High School,Brooklyn,13,95.7%
13K439,Brooklyn International High School,Brooklyn,13,90.6%
13K483,The Urban Assembly School for Law and Justice,Brooklyn,13,88.7%
13K492,Academy of Arts and Letters,Brooklyn,13,95.8%
13K499,ACORN Community High School,Brooklyn,13,69.8%
13K527,Urban Assembly Institute of Math and Science for Y,Brooklyn,13,87.8%
13K553,Brooklyn Academy High School,Brooklyn,13,59.3%
13K594,Gotham Professional Arts Academy,Brooklyn,13,80.5%
13K595,Bedford Academy High School,Brooklyn,13,92.1%
13K605,George Westinghouse Career and Technical Education,Brooklyn,13,88.6%
13K616,Brooklyn High School for Leadership and Community,Brooklyn,13,46.5%
13K670,Benjamin Banneker Academy,Brooklyn,13,89.2%
13K674,"City Polytechnic High School of Engineering, Archi",Brooklyn,13,91.1%
13K691,Fort Greene Preparatory Academy,Brooklyn,13,87.0%
14K016,P.S. 016 Leonard Dunkly,Brooklyn,14,90.2%
14K017,P.S. 017 Henry D. Woodworth,Brooklyn,14,90.9%
14K018,P.S. 018 Edward Bush,Brooklyn,14,89.8%
14K023,P.S. 023 Carter G. Woodson,Brooklyn,14,87.5%
14K031,P.S. 031 Samuel F. Dupont,Brooklyn,14,93.7%
14K034,P.S. 034 Oliver H. Perry,Brooklyn,14,94.2%
14K050,J.H.S. 050 John D. Wells,Brooklyn,14,92.2%
14K059,P.S. 059 William Floyd,Brooklyn,14,88.4%
14K071,Juan Morel Campos Secondary School,Brooklyn,14,88.0%
14K084,P.S. 084 Jose De Diego,Brooklyn,14,92.7%
14K110,P.S. 110 The Monitor,Brooklyn,14,94.5%
14K120,P.S. 120 Carlos Tapia,Brooklyn,14,91.4%
14K126,John Ericsson Middle School 126,Brooklyn,14,91.1%
14K132,P.S. 132 The Conselyea School,Brooklyn,14,93.6%
14K147,P.S. 147 Isaac Remsen,Brooklyn,14,90.2%
14K157,P.S./I.S. 157 The Benjamin Franklin Health & Scien,Brooklyn,14,91.4%
14K196,P.S. 196 Ten Eyck,Brooklyn,14,91.1%
14K250,P.S. 250 George H. Lindsay,Brooklyn,14,91.9%
14K257,P.S. 257 John F. Hylan,Brooklyn,14,92.2%
14K297,P.S. 297 Abraham Stockton,Brooklyn,14,89.2%
14K318,I.S. 318 Eugenio Maria De Hostos,Brooklyn,14,94.6%
14K319,P.S. 319,Brooklyn,14,91.7%
14K380,P.S. 380 John Wayne Elementary,Brooklyn,14,92.7%
14K414,Brooklyn Arbor Elementary School,Brooklyn,14,94.3%
14K449,"Brooklyn Latin School, The",Brooklyn,14,93.9%
14K454,The Williamsburg High School of Art and Technology,Brooklyn,14,85.2%
14K474,PROGRESS High School for Professional Careers,Brooklyn,14,78.4%
14K477,East Williamsburg Scholars Academy,Brooklyn,14,73.0%
14K478,"The High School for Enterprise, Business and Techn",Brooklyn,14,85.2%
14K488,Brooklyn Preparatory High School,Brooklyn,14,84.4%
14K558,Williamsburg High School for Architecture and Desi,Brooklyn,14,92.5%
14K561,Williamsburg Preparatory School,Brooklyn,14,90.7%
14K577,Conselyea Preparatory School,Brooklyn,14,95.3%
14K582,M.S. 582,Brooklyn,14,91.0%
14K586,Lyons Community School,Brooklyn,14,82.3%
14K610,Automotive High School,Brooklyn,14,83.6%
14K614,Young Women's Leadership School of Brooklyn,Brooklyn,14,88.7%
14K685,El Puente Academy for Peace and Justice,Brooklyn,14,82.2%
15K001,P.S. 001 The Bergen,Brooklyn,15,94.4%
15K010,"Magnet School of Math, Science and Design Technolo",Brooklyn,15,95.3%
15K015,P.S. 015 Patrick F. Daly,Brooklyn,15,91.4%
15K024,P.S. 024,Brooklyn,15,93.9%
15K029,P.S. 029 John M. Harrigan,Brooklyn,15,96.2%
15K032,P.S. 032 Samuel Mills Sprole,Brooklyn,15,93.7%
15K038,P.S. 038 The Pacific,Brooklyn,15,91.5%
15K039,P.S. 039 Henry Bristow,Brooklyn,15,96.1%
15K051,M.S. 51 William Alexander,Brooklyn,15,97.1%
15K058,P.S. 058 The Carroll,Brooklyn,15,96.0%
15K088,J.H.S. 088 Peter Rouget,Brooklyn,15,93.4%
15K094,P.S. 094 The Henry Longfellow,Brooklyn,15,97.0%
15K107,P.S. 107 John W. Kimball,Brooklyn,15,95.5%
15K118,The Maurice Sendak Community School,Brooklyn,15,94.9%
15K124,P.S. 124 Silas B. Dutcher,Brooklyn,15,93.1%
15K130,P.S. 130 The Parkside,Brooklyn,15,94.8%
15K131,P.S. 131 Brooklyn,Brooklyn,15,95.0%
28Q206,P.S. 206 The Horace Harding School,Queens,28,93.7%
15K136,I.S. 136 Charles O. Dewey,Brooklyn,15,94.0%
15K146,"The Brooklyn New School, P.S. 146",Brooklyn,15,94.2%
15K154,The Windsor Terrace School,Brooklyn,15,96.3%
15K169,P.S. 169 Sunset Park,Brooklyn,15,96.1%
15K172,P.S. 172 Beacon School of Excellence,Brooklyn,15,94.8%
15K230,P.S. 230 Doris L. Cohen,Brooklyn,15,94.6%
15K261,P.S. 261 Philip Livingston,Brooklyn,15,93.9%
15K295,P.S. 295,Brooklyn,15,94.6%
15K321,P.S. 321 William Penn,Brooklyn,15,96.1%
15K418,The Children's School,Brooklyn,15,95.6%
15K423,Brooklyn Frontiers High School,Brooklyn,15,73.0%
15K429,Digital Arts and Cinema Technology High School,Brooklyn,15,91.0%
15K442,M.S. 442 Carroll Gardens School for Innovation,Brooklyn,15,95.0%
15K443,New Voices School of Academic & Creative Arts,Brooklyn,15,95.4%
15K447,The Math & Science Exploratory School,Brooklyn,15,96.6%
15K448,Brooklyn Collaborative Studies,Brooklyn,15,87.9%
15K462,John Jay School for Law,Brooklyn,15,84.5%
15K463,Secondary School for Journalism,Brooklyn,15,82.0%
15K464,Park Slope Collegiate,Brooklyn,15,88.1%
15K497,The Boerum Hill School for International Studies,Brooklyn,15,89.6%
15K516,Sunset Park Avenues Elementary School,Brooklyn,15,94.6%
15K519,Cobble Hill School of American Studies,Brooklyn,15,80.6%
15K529,West Brooklyn Community High School,Brooklyn,15,58.0%
15K592,Khalil Gibran International Academy,Brooklyn,15,82.6%
15K656,Brooklyn High School of the Arts,Brooklyn,15,89.3%
15K667,Sunset Park High School,Brooklyn,15,85.3%
15K676,Red Hook Neighborhood School,Brooklyn,15,85.8%
15K684,Millennium Brooklyn HS,Brooklyn,15,96.0%
15K698,South Brooklyn Community High School,Brooklyn,15,55.4%
15K821,Sunset Park Prep,Brooklyn,15,95.5%
15K839,M.S. 839,Brooklyn,15,95.2%
15K896,The School of Creativity and Innovation,Brooklyn,15,92.5%
16K005,P.S. 005 Dr. Ronald Mcnair,Brooklyn,16,86.5%
16K021,P.S. 021 Crispus Attucks,Brooklyn,16,90.6%
16K025,P.S. 025 Eubie Blake School,Brooklyn,16,86.0%
16K026,P.S. 026 Jesse Owens,Brooklyn,16,88.7%
16K028,P.S. 028 The Warren Prep Academy,Brooklyn,16,88.5%
16K035,M.S. 035 Stephen Decatur,Brooklyn,16,90.8%
16K040,P.S. 040 George W. Carver,Brooklyn,16,89.9%
16K057,J.H.S. 057 Whitelaw Reid,Brooklyn,16,88.3%
16K081,P.S. 081 Thaddeus Stevens,Brooklyn,16,86.9%
16K243,P.S. 243K- The Weeksville School,Brooklyn,16,88.7%
16K262,P.S. 262 El Hajj Malik El Shabazz Elementary Schoo,Brooklyn,16,89.3%
16K267,"M.S. 267 Math, Science & Technology",Brooklyn,16,87.2%
16K308,P.S. 308 Clara Cardwell,Brooklyn,16,87.8%
16K309,P.S. 309 The George E. Wibecan Preparatory Academy,Brooklyn,16,90.4%
16K335,P.S. 335 Granville T. Woods,Brooklyn,16,90.0%
16K455,Boys and Girls High School,Brooklyn,16,81.6%
16K498,Brooklyn High School for Law and Technology,Brooklyn,16,81.1%
16K627,Brighter Choice Community School,Brooklyn,16,90.3%
16K628,Brooklyn Brownstone School,Brooklyn,16,93.7%
16K669,Research and Service High School,Brooklyn,16,52.0%
16K681,Madiba Prep Middle School,Brooklyn,16,91.4%
16K688,The Brooklyn Academy of Global Finance,Brooklyn,16,84.5%
16K765,Nelson Mandela High School,Brooklyn,16,73.2%
16K898,The Brooklyn Green School,Brooklyn,16,94.5%
17K002,Parkside Preparatory Academy,Brooklyn,17,94.0%
17K006,Norma Adams Clemons Academy,Brooklyn,17,91.9%
17K012,Dr. Jacqueline Peek-Davis School,Brooklyn,17,88.8%
17K061,M.S. 061 Dr. Gladstone H. Atwell,Brooklyn,17,90.4%
17K091,P.S. 091 The Albany Avenue School,Brooklyn,17,91.5%
17K092,P.S. 092 Adrian Hegeman,Brooklyn,17,89.0%
17K122,Pathways in Technology Early College High School (,Brooklyn,17,91.4%
17K138,P.S. 138 Brooklyn,Brooklyn,17,90.8%
17K161,P.S. 161 The Crown,Brooklyn,17,91.2%
17K181,P.S. 181 Brooklyn,Brooklyn,17,91.0%
17K189,P.S. 189 The Bilingual Center,Brooklyn,17,93.1%
17K191,P.S. 191 Paul Robeson,Brooklyn,17,88.3%
17K221,P.S. 221 Toussaint L'Ouverture,Brooklyn,17,90.1%
17K241,P.S. 241 Emma L. Johnston,Brooklyn,17,92.7%
17K246,M.S. 246 Walt Whitman,Brooklyn,17,90.7%
17K249,P.S. 249 The Caton,Brooklyn,17,94.7%
17K289,P.S. 289 George V. Brower,Brooklyn,17,86.8%
17K316,P.S. 316 Elijah Stroud,Brooklyn,17,94.0%
17K340,I.S. 340,Brooklyn,17,92.2%
17K352,Ebbets Field Middle School,Brooklyn,17,91.9%
17K353,Elijah Stroud Middle School,Brooklyn,17,91.0%
17K354,The School of Integrated Learning,Brooklyn,17,92.7%
17K375,P.S. 375 Jackie Robinson School,Brooklyn,17,91.2%
17K382,Academy for College Preparation and Career Explora,Brooklyn,17,87.8%
17K394,M.S. K394,Brooklyn,17,90.3%
17K397,P.S. 397 Foster-Laurie,Brooklyn,17,92.7%
17K398,P.S. 398 Walter Weaver,Brooklyn,17,89.9%
17K399,P.S. 399 Stanley Eugene Clark,Brooklyn,17,89.7%
17K408,Academy of Hospitality and Tourism,Brooklyn,17,83.8%
17K484,Ronald Edmonds Learning Center II,Brooklyn,17,91.5%
17K524,International High School at Prospect Heights,Brooklyn,17,87.8%
17K528,The High School for Global Citizenship,Brooklyn,17,86.7%
17K531,"School for Human Rights, The",Brooklyn,17,89.8%
17K532,New Bridges Elementary,Brooklyn,17,92.9%
17K537,High School for Youth and Community Development at,Brooklyn,17,86.1%
17K539,High School for Service & Learning at Erasmus,Brooklyn,17,83.8%
17K543,"Science, Technology and Research Early College Hig",Brooklyn,17,96.5%
17K546,High School for Public Service: Heroes of Tomorrow,Brooklyn,17,92.4%
17K547,Brooklyn Academy of Science and the Environment,Brooklyn,17,90.5%
17K548,Brooklyn School for Music & Theatre,Brooklyn,17,83.8%
17K568,Brownsville Academy High School,Brooklyn,17,63.5%
17K590,Medgar Evers College Preparatory School,Brooklyn,17,95.1%
17K600,Clara Barton High School,Brooklyn,17,87.2%
17K646,Aspirations Diploma Plus High School,Brooklyn,17,49.8%
17K705,Brooklyn Arts and Science Elementary School,Brooklyn,17,93.4%
17K722,New Heights Middle School,Brooklyn,17,93.4%
17K745,Brooklyn Institute for Liberal Arts,Brooklyn,17,91.3%
17K751,Academy for Health Careers,Brooklyn,17,86.5%
17K770,P.S. 770 New American Academy,Brooklyn,17,93.1%
18K066,P.S. 66,Brooklyn,18,93.7%
18K068,I.S. 068 Isaac Bildersee,Brooklyn,18,91.4%
18K114,P.S. 114 Ryder Elementary,Brooklyn,18,90.3%
18K115,P.S. 115 Daniel Mucatel School,Brooklyn,18,93.5%
18K135,P.S. 135 Sheldon A. Brookner,Brooklyn,18,92.9%
18K208,P.S. 208 Elsa Ebeling,Brooklyn,18,91.7%
18K211,I.S. 211 John Wilson,Brooklyn,18,91.0%
18K219,P.S. 219 Kennedy-King,Brooklyn,18,91.0%
18K233,P.S. 233 Langston Hughes,Brooklyn,18,90.5%
18K235,P.S. 235 Janice Marie Knight School,Brooklyn,18,95.2%
18K244,P.S. 244 Richard R. Green,Brooklyn,18,89.8%
18K268,P.S. 268 Emma Lazarus,Brooklyn,18,91.5%
18K272,P.S. 272 Curtis Estabrook,Brooklyn,18,89.0%
18K276,P.S. 276 Louis Marshall,Brooklyn,18,92.6%
18K279,P.S. 279 Herman Schreiber,Brooklyn,18,92.2%
18K285,I.S. 285 Meyer Levin,Brooklyn,18,89.6%
18K366,The Science And Medicine Middle School,Brooklyn,18,92.9%
18K563,It Takes a Village Academy,Brooklyn,18,90.2%
18K566,Brooklyn Generation School,Brooklyn,18,90.2%
18K567,Brooklyn Theatre Arts High School,Brooklyn,18,81.1%
18K569,Kurt Hahn Expeditionary Learning School,Brooklyn,18,87.0%
18K576,Victory Collegiate High School,Brooklyn,18,85.8%
18K578,Brooklyn Bridge Academy,Brooklyn,18,62.2%
18K581,East Flatbush Community Research School,Brooklyn,18,92.3%
18K588,Middle School for Art and Philosophy,Brooklyn,18,92.5%
18K617,High School for Innovation in Advertising and Medi,Brooklyn,18,83.0%
18K629,Cultural Academy for the Arts and Sciences,Brooklyn,18,85.5%
18K633,High School for Medical Professions,Brooklyn,18,89.7%
18K635,Olympus Academy,Brooklyn,18,62.8%
18K637,Academy for Conservation and the Environment,Brooklyn,18,86.0%
18K642,Urban Action Academy,Brooklyn,18,78.4%
18K673,East Brooklyn Community High School,Brooklyn,18,72.1%
18K763,Brooklyn Science and Engineering Academy,Brooklyn,18,95.0%
19K007,P.S. 007 Abraham Lincoln,Brooklyn,19,92.5%
19K013,P.S. 013 Roberto Clemente,Brooklyn,19,88.6%
19K065,P.S. 065,Brooklyn,19,92.3%
19K089,P.S. 089 Cypress Hills,Brooklyn,19,94.7%
19K108,P.S. 108 Sal Abbracciamento,Brooklyn,19,92.8%
19K149,P.S. 149 Danny Kaye,Brooklyn,19,89.8%
19K158,P.S. 158 Warwick,Brooklyn,19,90.0%
19K159,P.S. 159 Isaac Pitkin,Brooklyn,19,91.0%
19K171,I.S. 171 Abraham Lincoln,Brooklyn,19,93.0%
19K190,P.S. 190 Sheffield,Brooklyn,19,86.9%
19K202,P.S. 202 Ernest S. Jenkyns,Brooklyn,19,87.3%
19K213,P.S. 213 New Lots,Brooklyn,19,86.9%
19K214,P.S. 214 Michael Friedsam,Brooklyn,19,90.2%
19K218,J.H.S. 218 James P. Sinnott,Brooklyn,19,88.7%
19K224,P.S. 224 Hale A. Woodruff,Brooklyn,19,86.6%
19K273,P.S. 273 Wortman,Brooklyn,19,88.3%
19K290,P.S. 290 Juan Morel Campos,Brooklyn,19,91.9%
19K292,J.H.S. 292 Margaret S. Douglas,Brooklyn,19,89.3%
19K306,P.S. 306 Ethan Allen,Brooklyn,19,88.3%
19K325,The Fresh Creek School,Brooklyn,19,87.7%
19K328,P.S. 328 Phyllis Wheatley,Brooklyn,19,89.8%
19K345,P.S. 345 Patrolman Robert Bolden,Brooklyn,19,90.5%
19K346,P.S. 346 Abe Stark,Brooklyn,19,91.9%
19K364,I.S. 364 Gateway,Brooklyn,19,90.8%
19K404,Academy for Young Writers,Brooklyn,19,88.6%
19K409,East New York Family Academy,Brooklyn,19,89.2%
19K422,Spring Creek Community School,Brooklyn,19,89.8%
19K452,Frederick Douglass Academy VIII Middle School,Brooklyn,19,92.8%
19K502,FDNY - Captain Vernon A. Richard High School for F,Brooklyn,19,74.5%
19K504,High School for Civil Rights,Brooklyn,19,78.5%
19K507,Performing Arts and Technology High School,Brooklyn,19,87.4%
19K510,World Academy for Total Community Health High Scho,Brooklyn,19,76.6%
19K557,Brooklyn Gardens Elementary School,Brooklyn,19,90.5%
19K583,Multicultural High School,Brooklyn,19,89.4%
19K615,Transit Tech Career and Technical Education High S,Brooklyn,19,80.7%
19K618,Academy of Innovative Technology,Brooklyn,19,88.8%
19K639,Brooklyn Lab School,Brooklyn,19,83.0%
19K654,Van Siclen Community Middle School,Brooklyn,19,89.2%
19K659,Cypress Hills Collegiate Preparatory School,Brooklyn,19,86.4%
19K660,W. H. Maxwell Career and Technical Education High,Brooklyn,19,77.1%
19K661,Vista Academy,Brooklyn,19,93.6%
19K662,Liberty Avenue Middle School,Brooklyn,19,92.0%
19K663,School of the Future Brooklyn,Brooklyn,19,88.4%
19K677,East New York Elementary School of Excellence,Brooklyn,19,89.0%
19K678,East New York Middle School of Excellence,Brooklyn,19,92.1%
19K683,School for Classics High School,Brooklyn,19,81.0%
19K760,Highland Park Community School,Brooklyn,19,91.8%
19K764,The Urban Assembly School for Collaborative Health,Brooklyn,19,86.0%
19K907,M.S. 907,Brooklyn,19,92.4%
20K030,P.S./I.S. 30 Mary White Ovington,Brooklyn,20,95.7%
20K048,P.S. 048 Mapleton,Brooklyn,20,94.5%
20K062,J.H.S. 062 Ditmas,Brooklyn,20,94.4%
20K069,P.S. 69 Vincent D. Grippo School,Brooklyn,20,97.9%
20K102,P.S. 102 The Bayview,Brooklyn,20,95.2%
20K104,P.S./I.S. 104 The Fort Hamilton School,Brooklyn,20,95.1%
20K105,P.S. 105 The Blythebourne,Brooklyn,20,98.2%
20K112,P.S. 112 Lefferts Park,Brooklyn,20,94.7%
20K127,P.S. 127 Mckinley Park,Brooklyn,20,95.6%
20K160,P.S. 160 William T. Sampson,Brooklyn,20,97.8%
20K163,P.S. 163 Bath Beach,Brooklyn,20,94.4%
20K164,P.S. 164 Caesar Rodney,Brooklyn,20,95.6%
20K170,Ralph A. Fabrizio School,Brooklyn,20,96.5%
20K176,P.S. 176 Ovington,Brooklyn,20,97.0%
20K179,P.S. 179 Kensington,Brooklyn,20,93.5%
20K180,The SEEALL Academy,Brooklyn,20,96.6%
20K185,P.S. 185 Walter Kassenbrock,Brooklyn,20,95.3%
20K186,P.S. 186 Dr. Irving A Gladstone,Brooklyn,20,95.8%
20K187,The Christa McAuliffe School\I.S. 187,Brooklyn,20,98.3%
20K192,P.S. 192 - The Magnet School for Math and Science,Brooklyn,20,93.7%
20K200,P.S. 200 Benson School,Brooklyn,20,94.0%
20K201,J.H.S. 201 The Dyker Heights,Brooklyn,20,96.9%
20K204,P.S. 204 Vince Lombardi,Brooklyn,20,96.5%
20K205,P.S. 205 Clarion,Brooklyn,20,95.8%
20K220,J.H.S. 220 John J. Pershing,Brooklyn,20,96.4%
20K223,J.H.S. 223 The Montauk,Brooklyn,20,95.8%
20K227,J.H.S. 227 Edward B. Shallow,Brooklyn,20,96.1%
20K229,P.S. 229 Dyker,Brooklyn,20,96.3%
20K247,P.S. 247 Brooklyn,Brooklyn,20,95.8%
20K259,J.H.S. 259 William Mckinley,Brooklyn,20,96.4%
20K264,P.S. 264 Bay Ridge Elementary School For The Arts,Brooklyn,20,95.0%
20K310,The School For Future Leaders,Brooklyn,20,98.2%
20K445,New Utrecht High School,Brooklyn,20,87.8%
20K485,High School of Telecommunication Arts and Technolo,Brooklyn,20,94.3%
20K490,Fort Hamilton High School,Brooklyn,20,90.8%
20K503,P.S. 503: The School of Discovery,Brooklyn,20,94.7%
20K505,Franklin Delano Roosevelt High School,Brooklyn,20,85.3%
20K506,P.S. 506: The School of Journalism & Technology,Brooklyn,20,94.2%
20K609,Urban Assembly School for Criminal Justice,Brooklyn,20,91.8%
20K682,The Academy of Talented Scholars,Brooklyn,20,95.5%
20K686,Brooklyn School of Inquiry,Brooklyn,20,95.7%
20K748,P.S. 748 Brooklyn School for Global Scholars,Brooklyn,20,95.8%
20K971,"School of Math, Science, and Healthy Living",Brooklyn,20,95.7%
21K090,P.S. 90 Edna Cohen School,Brooklyn,21,90.4%
21K095,P.S. 095 The Gravesend,Brooklyn,21,95.0%
21K096,I.S. 096 Seth Low,Brooklyn,21,94.1%
21K097,P.S. 97 The Highlawn,Brooklyn,21,95.4%
21K098,I.S. 98 Bay Academy,Brooklyn,21,96.0%
21K099,P.S. 099 Isaac Asimov,Brooklyn,21,90.9%
21K100,P.S. 100 The Coney Island School,Brooklyn,21,93.8%
21K101,P.S. 101 The Verrazano,Brooklyn,21,95.7%
21K121,P.S. 121 Nelson A. Rockefeller,Brooklyn,21,94.3%
21K128,P.S. 128 Bensonhurst,Brooklyn,21,94.4%
21K153,P.S. 153 Homecrest,Brooklyn,21,93.3%
21K177,P.S. 177 The Marlboro,Brooklyn,21,93.7%
21K188,P.S. 188 Michael E. Berdy,Brooklyn,21,86.2%
21K199,P.S. 199 Frederick Wachtel,Brooklyn,21,92.8%
21K209,P.S. 209 Margaret Mead,Brooklyn,21,93.9%
21K212,P.S. 212 Lady Deborah Moody,Brooklyn,21,91.9%
21K215,P.S. 215 Morris H. Weiss,Brooklyn,21,93.6%
21K216,P.S. 216 Arturo Toscanini,Brooklyn,21,92.9%
21K225,P.S. K225 - The Eileen E. Zaglin,Brooklyn,21,91.9%
21K226,P.S. 226 Alfred De B. Mason,Brooklyn,21,94.4%
21K228,I.S. 228 David A. Boody,Brooklyn,21,94.6%
21K238,P.S. 238 Anne Sullivan,Brooklyn,21,92.2%
21K239,Mark Twain I.S. 239 for the Gifted & Talented,Brooklyn,21,96.2%
21K253,P.S. 253,Brooklyn,21,94.1%
21K281,I.S. 281 Joseph B Cavallaro,Brooklyn,21,94.1%
21K288,P.S. 288 The Shirley Tanyhill,Brooklyn,21,87.9%
21K303,I.S. 303 Herbert S. Eisenberg,Brooklyn,21,92.4%
21K329,P.S. 329 Surfside,Brooklyn,21,88.9%
21K337,International High School at Lafayette,Brooklyn,21,87.5%
21K344,Rachel Carson High School for Coastal Studies,Brooklyn,21,86.0%
21K348,High School of Sports Management,Brooklyn,21,74.8%
21K410,Abraham Lincoln High School,Brooklyn,21,86.8%
21K468,Kingsborough Early College School,Brooklyn,21,92.9%
21K525,Edward R. Murrow High School,Brooklyn,21,91.3%
21K540,John Dewey High School,Brooklyn,21,91.8%
21K559,Life Academy High School for Film and Music,Brooklyn,21,84.2%
21K572,Expeditionary Learning School for Community Leader,Brooklyn,21,82.0%
21K620,William E. Grady Career and Technical Education Hi,Brooklyn,21,82.2%
21K690,Brooklyn Studio Secondary School,Brooklyn,21,89.6%
21K728,Liberation Diploma Plus,Brooklyn,21,49.3%
22K014,J.H.S. 014 Shell Bank,Brooklyn,22,92.0%
22K052,P.S. 052 Sheepshead Bay,Brooklyn,22,92.4%
22K078,J.H.S. 078 Roy H. Mann,Brooklyn,22,94.1%
22K109,P.S. 109,Brooklyn,22,92.1%
22K119,P.S. 119 Amersfort,Brooklyn,22,94.5%
22K134,P.S. K134,Brooklyn,22,95.1%
22K139,P.S. 139 Alexine A. Fenty,Brooklyn,22,93.3%
22K152,School of Science & Technology,Brooklyn,22,93.5%
22K193,P.S. 193 Gil Hodges,Brooklyn,22,94.1%
22K194,P.S. 194 Raoul Wallenberg,Brooklyn,22,91.4%
22K195,P.S. 195 Manhattan Beach,Brooklyn,22,93.6%
22K197,P.S. 197 - The Kings Highway Academy,Brooklyn,22,93.2%
22K198,P.S. 198 Brooklyn,Brooklyn,22,91.2%
22K203,P.S. 203 Floyd Bennett School,Brooklyn,22,93.0%
22K206,P.S. 206 Joseph F Lamb,Brooklyn,22,95.9%
22K207,P.S. 207 Elizabeth G. Leary,Brooklyn,22,94.9%
22K217,P.S. 217 Colonel David Marcus School,Brooklyn,22,92.8%
22K222,P.S. 222 Katherine R. Snyder,Brooklyn,22,95.3%
22K234,J.H.S. 234 Arthur W. Cunningham,Brooklyn,22,93.6%
22K236,P.S. 236 Mill Basin,Brooklyn,22,94.2%
22K240,Andries Hudde,Brooklyn,22,93.4%
22K245,P.S. 245,Brooklyn,22,94.8%
22K251,P.S. 251 Paerdegat,Brooklyn,22,90.2%
22K254,P.S. 254 Dag Hammarskjold,Brooklyn,22,94.3%
22K255,P.S. 255 Barbara Reing School,Brooklyn,22,93.9%
22K277,P.S. 277 Gerritsen Beach,Brooklyn,22,94.6%
22K278,J.H.S. 278 Marine Park,Brooklyn,22,93.8%
22K312,P.S. 312 Bergen Beach,Brooklyn,22,94.0%
22K315,P.S. K315,Brooklyn,22,93.1%
22K326,P.S. 326,Brooklyn,22,93.8%
22K361,P.S. 361 East Flatbush Early Childhood School,Brooklyn,22,91.0%
22K381,I. S. 381,Brooklyn,22,94.1%
22K405,Midwood High School,Brooklyn,22,92.8%
22K425,James Madison High School,Brooklyn,22,93.5%
22K535,Leon M. Goldstein High School for the Sciences,Brooklyn,22,95.3%
22K555,Brooklyn College Academy,Brooklyn,22,95.7%
22K611,Origins High School,Brooklyn,22,83.7%
22K630,Professional Pathways High School,Brooklyn,22,59.5%
22K889,P.S. 889,Brooklyn,22,93.2%
22K890,M.S. 890,Brooklyn,22,96.7%
23K041,P.S. 041 Francis White,Brooklyn,23,86.9%
23K137,P.S./I.S. 137 Rachel Jean Mitchell,Brooklyn,23,89.7%
23K150,P.S. 150 Christopher,Brooklyn,23,86.8%
23K155,P.S./ I.S. 155 Nicholas Herkimer,Brooklyn,23,87.7%
23K156,P.S. 156 Waverly,Brooklyn,23,89.3%
23K165,P.S. 165 Ida Posner,Brooklyn,23,86.6%
23K178,P.S. 178 Saint Clair Mckelway,Brooklyn,23,86.2%
23K184,P.S. 184 Newport,Brooklyn,23,87.7%
23K284,"The Gregory Jocko Jackson School of Sports, Art, a",Brooklyn,23,89.9%
23K298,P.S. 298 Dr. Betty Shabazz,Brooklyn,23,89.6%
23K323,P.S./I.S. 323,Brooklyn,23,88.2%
23K327,P.S. 327 Dr. Rose B. English,Brooklyn,23,86.9%
23K363,Brownsville Collaborative Middle School,Brooklyn,23,86.6%
23K392,I.S. 392,Brooklyn,23,95.2%
23K401,Christopher Avenue Community School,Brooklyn,23,84.8%
23K446,Riverdale Avenue Community School,Brooklyn,23,87.2%
23K493,Brooklyn Collegiate: A College Board School,Brooklyn,23,84.1%
23K514,Frederick Douglass Academy VII High School,Brooklyn,23,86.4%
23K518,Kappa V (Knowledge and Power Preparatory Academy),Brooklyn,23,90.7%
23K522,Mott Hall IV,Brooklyn,23,90.3%
23K599,Brooklyn Landmark Elementary School,Brooklyn,23,92.2%
23K643,Brooklyn Democracy Academy,Brooklyn,23,63.9%
23K644,Eagle Academy for Young Men II,Brooklyn,23,90.9%
23K647,Metropolitan Diploma Plus High School,Brooklyn,23,60.4%
23K664,Brooklyn Environmental Exploration School (BEES),Brooklyn,23,87.3%
23K668,Riverdale Avenue Middle School,Brooklyn,23,87.1%
23K671,Mott Hall Bridges Academy,Brooklyn,23,90.8%
23K697,Teachers Preparatory High School,Brooklyn,23,78.1%
24Q005,I.S. 5 - The Walter Crowley Intermediate School,Queens,24,95.9%
24Q007,P.S. 007 Louis F. Simeone,Queens,24,95.5%
24Q012,P.S. 012 James B. Colgate,Queens,24,95.8%
24Q013,P.S. 013 Clement C. Moore,Queens,24,95.0%
24Q014,P.S. 014 Fairview,Queens,24,94.1%
24Q016,P.S. Q016 The Nancy DeBenedittis School,Queens,24,95.7%
24Q019,P.S. 019 Marino Jeantet,Queens,24,95.6%
24Q028,P.S. 28 - The Thomas Emanuel Early Childhood Cente,Queens,24,95.0%
24Q049,P.S. 049 Dorothy Bonawit Kole,Queens,24,95.4%
24Q058,P.S. 58 - The School of Heroes,Queens,24,95.5%
24Q061,I.S. 061 Leonardo Da Vinci,Queens,24,94.0%
24Q068,P.S. 068 Cambridge,Queens,24,92.8%
24Q071,P.S. 071 Forest,Queens,24,91.6%
24Q073,I.S. 73 - The Frank Sansivieri Intermediate School,Queens,24,95.7%
24Q077,I.S. 077,Queens,24,92.3%
24Q081,P.S. 81Q Jean Paul Richter,Queens,24,94.6%
24Q087,P.S./I.S. 087 Middle Village,Queens,24,92.8%
24Q088,P.S. 088 Seneca,Queens,24,92.9%
24Q089,P.S. 089 Elmhurst,Queens,24,95.2%
24Q091,P.S. 091 Richard Arkwright,Queens,24,91.8%
24Q093,I.S. 093 Ridgewood,Queens,24,94.3%
24Q102,P.S. 102 Bayview,Queens,24,96.1%
24Q110,P.S. 110,Queens,24,94.9%
24Q113,P.S./I.S. 113 Anthony J. Pranzo,Queens,24,95.2%
24Q119,I.S. 119 The Glendale,Queens,24,95.8%
24Q125,I.S. 125 Thom J. McCann Woodside,Queens,24,95.2%
24Q128,"P.S. 128 The Lorraine Tuzzo, Juniper Valley Elemen",Queens,24,95.6%
24Q143,P.S. 143 Louis Armstrong,Queens,24,94.0%
24Q153,P.S. 153 Maspeth Elem,Queens,24,94.0%
24Q199,P.S. 199 Maurice A. Fitzgerald,Queens,24,92.8%
24Q211,Elm Tree Elementary School,Queens,24,93.6%
24Q229,P.S. 229 Emanuel Kaplan,Queens,24,94.9%
24Q236,International High School for Health Sciences,Queens,24,87.1%
24Q239,P.S. 239,Queens,24,93.3%
24Q264,Academy of Finance and Enterprise,Queens,24,93.3%
24Q267,High School of Applied Communication,Queens,24,90.4%
24Q290,A.C.E. Academy for Scholars at the Geraldine Ferra,Queens,24,95.1%
24Q293,Civic Leadership Academy,Queens,24,91.2%
24Q296,Pan American International High School,Queens,24,93.1%
24Q299,Bard High School Early College Queens,Queens,24,96.5%
24Q305,Learners and Leaders,Queens,24,93.6%
24Q307,Pioneer Academy,Queens,24,96.0%
24Q311,Corona Arts & Sciences Academy,Queens,24,95.8%
24Q330,Helen M. Marshall School,Queens,24,94.2%
24Q343,The Children's Lab School,Queens,24,93.2%
24Q455,Newtown High School,Queens,24,89.1%
24Q485,Grover Cleveland High School,Queens,24,83.5%
24Q520,Middle College High School at LaGuardia Community,Queens,24,93.4%
24Q530,International High School at LaGuardia Community C,Queens,24,91.8%
24Q550,High School for Arts and Business,Queens,24,91.4%
24Q560,"Robert F. Wagner, Jr. Secondary School for Arts an",Queens,24,93.6%
24Q585,Maspeth High School,Queens,24,93.6%
24Q600,Queens Technical High School,Queens,24,92.2%
24Q610,Aviation Career & Technical Education High School,Queens,24,97.4%
24Q744,VOYAGES Preparatory,Queens,24,57.7%
25Q020,P.S. 020 John Bowne,Queens,25,95.3%
25Q021,P.S. 021 Edward Hart,Queens,25,95.4%
25Q022,P.S. 022 Thomas Jefferson,Queens,25,96.1%
25Q024,P.S. 024 Andrew Jackson,Queens,25,96.9%
25Q025,I.S. 025 Adrien Block,Queens,25,96.8%
25Q029,P.S. 029 Queens,Queens,25,94.3%
25Q032,P.S. 032 State Street,Queens,25,95.8%
25Q079,P.S. 079 Francis Lewis,Queens,25,96.0%
25Q107,P.S. 107 Thomas A Dooley,Queens,25,94.8%
25Q120,P.S. 120 Queens,Queens,25,96.5%
25Q129,P.S. 129 Patricia Larkin,Queens,25,94.9%
25Q130,P.S. 130,Queens,25,95.1%
25Q154,P.S. 154 Queens,Queens,25,94.6%
25Q163,P.S. 163 Flushing Heights,Queens,25,96.3%
25Q164,P.S. 164 Queens Valley,Queens,25,94.8%
25Q165,P.S. 165 Edith K. Bergtraum,Queens,25,93.4%
25Q169,P.S. 169 Bay Terrace,Queens,25,95.0%
25Q184,P.S. 184 Flushing Manor,Queens,25,95.9%
25Q185,J.H.S. 185 Edward Bleeker,Queens,25,96.4%
25Q189,J.H.S. 189 Daniel Carter Beard,Queens,25,97.0%
25Q193,P.S. 193 Alfred J. Kennedy,Queens,25,94.7%
25Q194,J.H.S. 194 William Carr,Queens,25,95.4%
25Q200,P.S./M.S. 200 - The Magnet School of Global Studie,Queens,25,93.4%
25Q201,P.S. 201 The Discovery School for Inquiry and Rese,Queens,25,92.1%
25Q209,P.S. 209 Clearview Gardens,Queens,25,96.2%
25Q214,P.S. 214 Cadwallader Colden,Queens,25,95.8%
25Q219,P.S. 219 Paul Klapper,Queens,25,94.9%
25Q237,I.S. 237,Queens,25,96.2%
25Q240,Veritas Academy,Queens,25,88.9%
25Q241,Queens High School for Language Studies,Queens,25,93.5%
25Q242,P.S. 242 Leonard P. Stavisky Early Childhood Schoo,Queens,25,95.7%
25Q244,The Active Learning Elementary School,Queens,25,96.4%
25Q250,I.S. 250 The Robert F. Kennedy Community Middle Sc,Queens,25,92.6%
25Q252,"Queens School of Inquiry, The",Queens,25,94.6%
25Q263,Flushing International High School,Queens,25,88.7%
25Q281,East-West School of International Studies,Queens,25,95.6%
25Q285,World Journalism Preparatory: A College Board Scho,Queens,25,93.1%
25Q294,BELL Academy,Queens,25,95.9%
25Q379,College Point Collaborative,Queens,25,95.2%
25Q425,John Bowne High School,Queens,25,84.8%
25Q460,Flushing High School,Queens,25,84.3%
25Q499,"The Queens College School for Math, Science and Te",Queens,25,97.1%
25Q525,Townsend Harris High School,Queens,25,97.3%
25Q540,Queens Academy High School,Queens,25,52.2%
25Q670,Robert F. Kennedy Community High School,Queens,25,89.9%
25Q792,North Queens Community High School,Queens,25,58.5%
26Q018,P.S. 018 Winchester,Queens,26,95.8%
26Q026,P.S. 026 Rufus King,Queens,26,94.3%
26Q031,P.S. 031 Bayside,Queens,26,95.5%
26Q041,P.S. 041 Crocheron,Queens,26,96.2%
26Q046,P.S. 046 Alley Pond,Queens,26,96.0%
26Q067,J.H.S. 067 Louis Pasteur,Queens,26,97.4%
26Q074,J.H.S. 074 Nathaniel Hawthorne,Queens,26,97.3%
26Q094,P.S. 094 David D. Porter,Queens,26,96.7%
26Q098,P.S. 098 The Douglaston School,Queens,26,95.8%
26Q115,The James J. Ambrose School,Queens,26,95.6%
26Q133,P.S. 133 Queens,Queens,26,95.4%
26Q158,M.S. 158 Marie Curie,Queens,26,96.8%
26Q159,P.S. 159,Queens,26,96.7%
26Q162,P.S. 162 John Golden,Queens,26,96.6%
26Q172,Irwin Altman Middle School 172,Queens,26,96.3%
26Q173,P.S. 173 Fresh Meadows,Queens,26,96.1%
26Q178,P.S./ IS 178 Holliswood,Queens,26,95.4%
26Q186,P.S. 186 Castlewood,Queens,26,94.9%
26Q188,P.S. 188 Kingsbury,Queens,26,96.9%
26Q191,P.S. 191 Mayflower,Queens,26,95.0%
26Q203,P.S. 203 Oakland Gardens,Queens,26,96.7%
26Q205,P.S. 205 Alexander Graham Bell,Queens,26,96.2%
26Q213,P.S. 213 The Carl Ullman School,Queens,26,93.9%
26Q216,J.H.S. 216 George J. Ryan,Queens,26,96.7%
26Q221,P.S. 221 THE NORTH HILLS SCHOOL,Queens,26,96.4%
26Q266,P.S./I.S. 266,Queens,26,95.0%
26Q315,Business Technology Early College High School,Queens,26,86.7%
26Q376,P.S. 376,Queens,26,93.8%
26Q415,Benjamin N. Cardozo High School,Queens,26,91.9%
26Q430,Francis Lewis High School,Queens,26,92.2%
26Q435,Martin Van Buren High School,Queens,26,87.9%
26Q495,Bayside High School,Queens,26,93.0%
26Q566,"Queens High School of Teaching, Liberal Arts and t",Queens,26,90.3%
27Q042,P.S./M.S 042 R. Vernam,Queens,27,87.0%
27Q043,P.S. 043,Queens,27,89.2%
27Q045,P.S. 045 Clarence Witherspoon,Queens,27,91.6%
27Q047,P.S. 047 Chris Galas,Queens,27,93.6%
27Q051,P.S. 051,Queens,27,90.5%
27Q053,M.S. 053 Brian Piccolo,Queens,27,89.6%
27Q056,P.S. 056 Harry Eichler,Queens,27,94.5%
27Q060,P.S. 060 Woodhaven,Queens,27,92.9%
27Q062,P. S. 62 - Chester Park School,Queens,27,93.9%
27Q063,P.S. 063 Old South,Queens,27,92.4%
27Q064,P.S. 064 Joseph P. Addabbo,Queens,27,93.7%
27Q065,P.S. 65 - The Raymond York Elementary School,Queens,27,91.5%
27Q066,P.S. 066 Jacqueline Kennedy Onassis,Queens,27,93.2%
27Q090,P.S. 090 Horace Mann,Queens,27,93.7%
27Q096,P.S. 096,Queens,27,94.0%
27Q097,P.S. 097 Forest Park,Queens,27,93.5%
27Q100,P.S. 100 Glen Morris,Queens,27,93.0%
27Q104,P.S. 104 The Bays Water,Queens,27,91.9%
27Q105,P.S. 105 The Bay School,Queens,27,88.9%
27Q106,Lighthouse Elementary School,Queens,27,88.4%
27Q108,P.S. 108 Captain Vincent G. Fowler,Queens,27,94.1%
27Q114,P.S./M.S. 114 Belle Harbor,Queens,27,94.6%
27Q123,P.S. 123,Queens,27,93.3%
27Q124,P.S. 124 Osmond A Church,Queens,27,94.2%
27Q137,M.S. 137 America's School of Heroes,Queens,27,93.5%
27Q146,P.S. 146 Howard Beach,Queens,27,93.8%
27Q155,P.S. 155,Queens,27,94.1%
27Q183,P.S. 183 Dr. Richard R. Green,Queens,27,88.0%
27Q197,P.S. 197 The Ocean School,Queens,27,92.0%
27Q202,J.H.S. 202 Robert H. Goddard,Queens,27,94.5%
27Q207,P.S. 207 Rockwood Park,Queens,27,94.4%
27Q210,J.H.S. 210 Elizabeth Blackwell,Queens,27,92.6%
27Q223,P.S. 223 Lyndon B. Johnson,Queens,27,91.2%
27Q226,J.H.S. 226 Virgil I. Grissom,Queens,27,91.6%
27Q232,P.S. 232 Lindenwood,Queens,27,94.2%
27Q253,P.S. 253,Queens,27,91.6%
27Q254,P.S. 254 - The Rosa Parks School,Queens,27,94.0%
27Q260,Frederick Douglass Academy VI High School,Queens,27,78.4%
27Q261,Voyages Prep - South Queens,Queens,27,53.5%
27Q262,Channel View School for Research,Queens,27,92.1%
27Q273,P.S. 273,Queens,27,92.4%
27Q282,Knowledge and Power Preparatory Academy VI,Queens,27,96.9%
27Q297,Hawtree Creek Middle School,Queens,27,94.2%
27Q302,"Queens High School for Information, Research, and",Queens,27,84.8%
27Q306,New York City Academy for Discovery,Queens,27,92.4%
27Q308,Robert H. Goddard High School of Communication Art,Queens,27,93.4%
27Q309,Academy of Medical Technology: A College Board Sch,Queens,27,88.4%
27Q314,Epic High School - South,Queens,27,84.3%
27Q316,Queens Explorers Elementary School,Queens,27,93.5%
27Q317,Waterside Children's Studio School,Queens,27,93.6%
27Q318,Waterside School For Leadership,Queens,27,89.8%
27Q319,Village Academy,Queens,27,91.4%
27Q323,Scholars' Academy,Queens,27,95.5%
27Q324,Rockaway Park High School for Environmental Sustai,Queens,27,77.7%
27Q333,Goldie Maple Academy,Queens,27,94.6%
27Q334,Epic High School - North,Queens,27,85.3%
27Q351,Rockaway Collegiate High School,Queens,27,80.2%
27Q362,Wave Preparatory Elementary School,Queens,27,93.3%
27Q377,P.S. 377,Queens,27,89.7%
27Q400,August Martin High School,Queens,27,88.5%
27Q475,Richmond Hill High School,Queens,27,87.7%
27Q480,John Adams High School,Queens,27,86.8%
27Q650,"High School for Construction Trades, Engineering a",Queens,27,94.2%
28Q008,J.H.S. 008 Richard S. Grossley,Queens,28,91.9%
28Q040,P.S. 040 Samuel Huntington,Queens,28,90.4%
28Q048,P.S. 048 William Wordsworth,Queens,28,92.0%
28Q050,P.S. 050 Talfourd Lawn Elementary School,Queens,28,93.2%
28Q054,P.S. 054 Hillside,Queens,28,92.7%
28Q055,P.S. 055 Maure,Queens,28,92.9%
28Q072,Catherine & Count Basie Middle School 72,Queens,28,90.4%
28Q080,PS 80  The Thurgood Marshall Magnet School of Mult,Queens,28,92.2%
28Q082,P.S. 082 Hammond,Queens,28,94.5%
28Q086,P.S. Q086,Queens,28,92.5%
28Q099,P.S. 099 Kew Gardens,Queens,28,94.5%
28Q101,P.S. 101 School in the Gardens,Queens,28,95.4%
28Q117,P.S. 117 J. Keld / Briarwood School,Queens,28,92.2%
28Q121,P.S. 121 Queens,Queens,28,92.3%
28Q139,P.S. 139 Rego Park,Queens,28,94.8%
28Q140,P.S. 140 Edward K Ellington,Queens,28,90.6%
28Q144,P.S. 144 Col Jeromus Remsen,Queens,28,95.3%
28Q157,J.H.S. 157 Stephen A. Halsey,Queens,28,95.0%
28Q160,P.S. 160 Walter Francis Bishop,Queens,28,90.6%
28Q161,P.S. 161 Arthur Ashe School,Queens,28,92.9%
28Q167,Metropolitan Expeditionary Learning School,Queens,28,94.8%
28Q174,P.S. 174 William Sidney Mount,Queens,28,95.2%
28Q175,P.S. 175 The Lynn Gross Discovery School,Queens,28,93.3%
28Q182,P.S. 182 Samantha Smith,Queens,28,93.0%
28Q190,J.H.S. 190 Russell Sage,Queens,28,94.2%
28Q217,J.H.S. 217 Robert A. Van Wyck,Queens,28,92.2%
28Q220,P.S. 220 Edward Mandel,Queens,28,94.3%
28Q284,York Early College Academy,Queens,28,94.3%
28Q287,The Emerson School,Queens,28,90.8%
28Q303,The Academy for Excellence through the Arts,Queens,28,96.5%
28Q310,Queens Collegiate: A College Board School,Queens,28,89.0%
28Q312,Jamaica Children's School,Queens,28,93.5%
28Q325,Hillside Arts & Letters Academy,Queens,28,87.2%
28Q328,High School for Community Leadership,Queens,28,84.6%
28Q332,Redwood Middle School,Queens,28,90.8%
28Q338,Queens Satellite High School for Opportunity,Queens,28,65.9%
28Q349,The Queens School for Leadership and Excellence,Queens,28,92.0%
28Q350,Jamaica Gateway to the Sciences,Queens,28,90.0%
28Q354,The Jermaine L. Green STEM Institute of Queens,Queens,28,92.7%
28Q358,M.S. 358,Queens,28,93.9%
28Q440,Forest Hills High School,Queens,28,88.5%
28Q505,Hillcrest High School,Queens,28,86.6%
28Q620,Thomas A. Edison Career and Technical Education Hi,Queens,28,93.9%
28Q680,Queens Gateway to Health Sciences Secondary School,Queens,28,95.1%
28Q686,Queens Metropolitan High School,Queens,28,92.1%
28Q687,Queens High School for the Sciences at York Colleg,Queens,28,97.1%
28Q690,High School for Law Enforcement and Public Safety,Queens,28,86.9%
28Q896,"Young Women's Leadership School, Queens",Queens,28,94.4%
29Q015,P.S. 015 Jackie Robinson,Queens,29,92.8%
29Q033,P.S. 033 Edward M. Funk,Queens,29,94.1%
29Q034,P.S. 034 John Harvard,Queens,29,93.1%
29Q035,P.S. 035 Nathaniel Woodhull,Queens,29,93.4%
29Q036,P.S. 036 Saint Albans School,Queens,29,92.4%
29Q037,Cynthia Jenkins School,Queens,29,90.8%
29Q038,P.S. 038 Rosedale,Queens,29,93.0%
29Q052,P.S. 052 Queens,Queens,29,89.8%
29Q059,I.S. 059 Springfield Gardens,Queens,29,90.3%
29Q095,P.S. 095 Eastwood,Queens,29,90.3%
29Q109,Jean Nuzzi Intermediate School,Queens,29,93.5%
29Q116,P.S./I.S. 116 William C. Hughley,Queens,29,90.7%
29Q118,P.S. 118 Lorraine Hansberry,Queens,29,92.9%
29Q131,P.S. 131 Abigail Adams,Queens,29,94.0%
29Q132,P.S. 132 Ralph Bunche,Queens,29,92.3%
29Q134,P.S. 134 Hollis,Queens,29,91.5%
29Q135,The Bellaire School,Queens,29,93.2%
29Q136,P.S. 136 Roy Wilkins,Queens,29,91.1%
29Q138,P.S./M.S. 138 Sunrise,Queens,29,91.7%
29Q147,P.S./M.S. 147 Ronald McNair,Queens,29,92.2%
29Q156,P.S. 156 Laurelton,Queens,29,87.3%
29Q176,P.S. 176 Cambria Heights,Queens,29,94.6%
29Q181,P.S. 181 Brookfield,Queens,29,91.4%
29Q192,I.S. 192 The Linden,Queens,29,96.2%
29Q195,P.S. 195 William Haberle,Queens,29,91.9%
29Q208,P.S./I.S. 208,Queens,29,95.9%
29Q238,I.S. 238 - Susan B. Anthony Academy,Queens,29,91.6%
29Q243,Institute for Health Professions at Cambria Height,Queens,29,87.4%
29Q248,Queens Preparatory Academy,Queens,29,81.1%
29Q251,P.S. 251 Queens,Queens,29,92.9%
29Q259,Pathways College Preparatory School: A College Boa,Queens,29,92.3%
29Q265,Excelsior Preparatory High School,Queens,29,86.7%
29Q268,P.S./I.S. 268,Queens,29,93.8%
29Q270,The Gordon Parks School,Queens,29,95.0%
29Q272,George Washington Carver High School for the Scien,Queens,29,85.0%
29Q283,Preparatory Academy for Writers: A College Board S,Queens,29,89.3%
29Q289,Queens United Middle School,Queens,29,91.3%
29Q295,P.S./I.S. 295,Queens,29,95.1%
29Q313,Benjamin Franklin High School for Finance & Inform,Queens,29,84.9%
29Q326,Cambria Heights Academy,Queens,29,87.3%
29Q327,Eagle Academy for Young Men III,Queens,29,91.4%
29Q355,Collaborative Arts Middle School,Queens,29,93.3%
29Q356,Community Voices Middle School,Queens,29,90.1%
29Q360,P.S. 360,Queens,29,95.7%
29Q492,"Mathematics, Science Research and Technology Magne",Queens,29,83.8%
29Q498,Humanities & Arts Magnet High School,Queens,29,85.8%
30Q002,P.S. 002 Alfred Zimberg,Queens,30,94.5%
30Q010,I.S. 010 Horace Greeley,Queens,30,94.2%
30Q011,P.S. 011 Kathryn Phelan,Queens,30,94.9%
30Q017,P.S. 017 Henry David Thoreau,Queens,30,92.7%
30Q069,P.S. 069 Jackson Heights,Queens,30,95.3%
30Q070,P.S. 070,Queens,30,94.0%
30Q076,P.S. 076 William Hallet,Queens,30,91.4%
30Q078,P.S./I.S. 78Q,Queens,30,94.4%
30Q084,P.S. 084 Steinway,Queens,30,93.2%
30Q085,P.S. 085 Judge Charles Vallone,Queens,30,94.1%
30Q092,P.S. 092 Harry T. Stewart Sr.,Queens,30,95.6%
30Q111,P.S. 111 Jacob Blackwell,Queens,30,89.4%
30Q112,P.S. 112 Dutch Kills,Queens,30,90.6%
30Q122,P.S. 122 Mamie Fay,Queens,30,95.3%
30Q126,Albert Shanker School for Visual and Performing Ar,Queens,30,93.2%
30Q127,P.S. 127 Aerospace Science Magnet School,Queens,30,93.0%
30Q141,I.S. 141 The Steinway,Queens,30,95.0%
30Q145,I.S. 145 Joseph Pulitzer,Queens,30,95.2%
30Q148,P.S. 148 Queens,Queens,30,94.5%
30Q149,P.S. 149 Christa Mcauliffe,Queens,30,95.3%
30Q150,P.S. 150 Queens,Queens,30,94.5%
30Q151,P.S. 151 Mary D. Carter,Queens,30,93.3%
30Q152,P.S. 152 Gwendoline N. Alleyne School,Queens,30,95.4%
30Q166,P.S. 166 Henry Gradstein,Queens,30,95.2%
30Q171,P.S. 171 Peter G. Van Alst,Queens,30,90.3%
30Q204,I.S. 204 Oliver W. Holmes,Queens,30,92.5%
30Q212,P.S. 212,Queens,30,94.8%
30Q222,P.S. Q222 - Fire Fighter Christopher A. Santora Sc,Queens,30,92.8%
30Q227,I.S. 227 Louis Armstrong,Queens,30,96.0%
30Q228,The Ivan Lafayette Early Childhood School of the A,Queens,30,94.1%
30Q230,I.S. 230,Queens,30,95.2%
30Q234,P.S. 234,Queens,30,93.8%
30Q235,Academy for New Americans,Queens,30,95.2%
30Q258,Energy Tech High School,Queens,30,91.2%
30Q280,P.S. 280,Queens,30,94.9%
30Q286,"Young Women's Leadership School, Astoria",Queens,30,94.6%
30Q291,Hunters Point Community Middle School,Queens,30,95.5%
30Q300,The 30th Avenue School (G&T Citywide),Queens,30,96.7%
30Q301,Academy for Careers in Television and Film,Queens,30,93.4%
30Q329,East Elmhurst Community School,Queens,30,94.3%
30Q361,The Woodside Community School,Queens,30,94.8%
30Q384,P.S. 384,Queens,30,91.2%
30Q445,William Cullen Bryant High School,Queens,30,88.0%
30Q450,Long Island City High School,Queens,30,87.8%
30Q501,Frank Sinatra School of the Arts High School,Queens,30,92.6%
30Q502,Information Technology High School,Queens,30,88.4%
30Q555,Newcomers High School,Queens,30,88.9%
30Q575,Academy of American Studies,Queens,30,92.7%
30Q580,Baccalaureate School for Global Education,Queens,30,96.8%
31R001,P.S. 001 Tottenville,Staten Island,31,93.2%
31R002,I.S. R002 George L. Egbert,Staten Island,31,93.0%
31R003,P.S. 003 The Margaret Gioiosa School,Staten Island,31,94.8%
31R004,P.S. 004 Maurice Wollin,Staten Island,31,94.1%
31R005,P.S. 005 Huguenot,Staten Island,31,95.0%
31R006,P.S. 6 Corporal Allan F. Kivlehan School,Staten Island,31,94.0%
31R007,I.S. 007 Elias Bernstein,Staten Island,31,93.9%
31R008,P.S. 8 Shirlee Solomon,Staten Island,31,94.4%
31R009,Naples Street Elementary School,Staten Island,31,95.8%
31R010,Fort Hill Collaborative Elementary School,Staten Island,31,89.9%
31R011,P.S. 11 Thomas Dongan School,Staten Island,31,93.4%
31R013,P.S. 013 M. L. Lindemeyer,Staten Island,31,93.5%
31R016,P.S. 016 John J. Driscoll,Staten Island,31,90.3%
31R018,P.S. 018 John G. Whittier,Staten Island,31,89.6%
31R019,P.S. 019 The Curtis School,Staten Island,31,91.8%
31R020,P.S. 020 Port Richmond,Staten Island,31,92.8%
31R021,P.S. 21 Margaret Emery-Elm Park,Staten Island,31,90.4%
31R022,P.S. 022 Graniteville,Staten Island,31,91.9%
31R023,P.S. 023 Richmondtown,Staten Island,31,95.0%
31R024,I.S. 024 Myra S. Barnes,Staten Island,31,94.5%
31R026,P.S. 026 The Carteret School,Staten Island,31,94.0%
31R027,I.S. 027 Anning S. Prall,Staten Island,31,91.3%
31R028,The Eagle Academy for Young Men of Staten Island,Staten Island,31,90.3%
31R029,P.S. 029 Bardwell,Staten Island,31,94.8%
31R030,P.S. 030 Westerleigh,Staten Island,31,94.2%
31R031,P.S. 031 William T. Davis,Staten Island,31,89.7%
31R032,P.S. 032 The Gifford School,Staten Island,31,93.7%
31R034,I.S. 034 Tottenville,Staten Island,31,93.4%
31R035,P.S. 35 The Clove Valley School,Staten Island,31,95.2%
31R036,P.S. 036 J. C. Drumgoole,Staten Island,31,94.9%
31R038,P.S. 038 George Cromwell,Staten Island,31,93.7%
31R039,P.S. 39 Francis J. Murphy Jr.,Staten Island,31,92.3%
31R041,The Stephanie A. Vierno School,Staten Island,31,94.1%
31R042,P.S. 042 Eltingville,Staten Island,31,94.6%
31R044,P.S. 044 Thomas C. Brown,Staten Island,31,89.0%
31R045,P.S. 045 John Tyler,Staten Island,31,93.0%
31R046,P.S. 046 Albert V. Maniscalco,Staten Island,31,91.9%
31R047,CSI High School for International Studies,Staten Island,31,95.1%
31R048,P.S. 048 William G. Wilcox,Staten Island,31,95.0%
31R049,I.S. 49 Berta A. Dreyfus,Staten Island,31,91.1%
31R050,P.S. 050 Frank Hankinson,Staten Island,31,94.2%
31R051,I.S. 051 Edwin Markham,Staten Island,31,90.3%
31R052,P.S. 052 John C. Thompson,Staten Island,31,94.5%
31R053,The Barbara Esselborn School,Staten Island,31,94.3%
31R054,P.S. 054 Charles W. Leng,Staten Island,31,94.1%
31R055,P.S. 055 Henry M. Boehm,Staten Island,31,94.1%
31R056,P.S. 56 The Louis Desario School,Staten Island,31,94.7%
31R057,P.S. 057 Hubert H. Humphrey,Staten Island,31,90.8%
31R058,Space Shuttle Columbia School,Staten Island,31,93.6%
31R059,The Harbor View School,Staten Island,31,93.6%
31R060,P.S. 060 Alice Austen,Staten Island,31,93.7%
31R061,I.S. 061 William A Morris,Staten Island,31,90.5%
31R062,The Kathleen Grimm School for Leadership and Susta,Staten Island,31,94.3%
31R063,Marsh Avenue School for Expeditionary Learning,Staten Island,31,95.2%
31R064,Gaynor McCown Expeditionary Learning School,Staten Island,31,91.9%
31R065,P.S. 65 The Academy of Innovative Learning,Staten Island,31,94.5%
31R068,Port Richmond School for Visionary Learning,Staten Island,31,91.6%
31R069,P.S. 069 Daniel D. Tompkins,Staten Island,31,95.0%
31R072,I.S. 072 Rocco Laurie,Staten Island,31,93.9%
31R074,P.S. 74 Future Leaders Elementary School,Staten Island,31,88.5%
31R075,I.S. 075 Frank D. Paulo,Staten Island,31,94.6%
31R078,P.S. 78,Staten Island,31,89.9%
31R080,The Michael J. Petrides School,Staten Island,31,93.4%
31R440,New Dorp High School,Staten Island,31,91.3%
31R445,Port Richmond High School,Staten Island,31,84.4%
31R450,Curtis High School,Staten Island,31,86.4%
31R455,Tottenville High School,Staten Island,31,91.9%
31R460,Susan E. Wagner High School,Staten Island,31,91.2%
31R470,Concord High School,Staten Island,31,61.4%
31R600,Ralph R. McKee Career and Technical Education High,Staten Island,31,84.4%
31R605,Staten Island Technical High School,Staten Island,31,96.4%
31R861,Staten Island School of Civic Leadership,Staten Island,31,93.1%
32K045,P.S./I.S. 045 Horace E. Greene,Brooklyn,32,92.0%
32K075,P.S. 075 Mayda Cortiella,Brooklyn,32,89.1%
32K086,P.S. 086 The Irvington,Brooklyn,32,94.2%
32K106,P.S. 106 Edward Everett Hale,Brooklyn,32,90.7%
32K116,P.S. 116 Elizabeth L Farrell,Brooklyn,32,92.5%
32K123,P.S. 123 Suydam,Brooklyn,32,94.1%
32K145,P.S. 145 Andrew Jackson,Brooklyn,32,93.1%
32K151,P.S. 151 Lyndon B. Johnson,Brooklyn,32,94.3%
32K162,J.H.S. 162 The Willoughby,Brooklyn,32,92.5%
32K168,The Brooklyn School for Math and Research,Brooklyn,32,90.3%
32K274,P.S. 274 Kosciusko,Brooklyn,32,91.7%
32K291,J.H.S. 291 Roland Hayes,Brooklyn,32,89.6%
32K299,P.S. 299 Thomas Warren Field,Brooklyn,32,92.6%
32K347,I.S. 347 School of Humanities,Brooklyn,32,91.2%
32K349,"I.S. 349 Math, Science & Tech.",Brooklyn,32,92.5%
32K376,P.S. 376,Brooklyn,32,94.2%
32K377,P.S. 377 Alejandrina B. De Gautier,Brooklyn,32,91.3%
32K383,J.H.S. 383 Philippa Schuyler,Brooklyn,32,94.5%
32K384,P.S. /I.S. 384 Frances E. Carter,Brooklyn,32,91.5%
32K403,Academy for Environmental Leadership,Brooklyn,32,83.8%
32K545,EBC High School for Public Service - Bushwick,Brooklyn,32,83.0%
32K549,The Brooklyn School for Social Justice,Brooklyn,32,79.1%
32K552,The Academy of Urban Planning and Engineering,Brooklyn,32,90.5%
32K554,All City Leadership Secondary School,Brooklyn,32,95.4%
32K556,Bushwick Leaders High School for Academic Excellen,Brooklyn,32,83.2%
32K562,Evergreen Middle School for Urban Exploration,Brooklyn,32,94.9%
32K564,Bushwick Community High School,Brooklyn,32,59.8%
75K004,P.S. K004,Brooklyn,75,86.9%
75K036,P.S. 36,Brooklyn,75,83.8%
75K053,P.S. K053,Brooklyn,75,87.5%
75K077,P.S. K077,Brooklyn,75,90.6%
75K140,P.S. K140,Brooklyn,75,85.7%
75K141,P.S. K141,Brooklyn,75,83.5%
75K231,P.S. K231,Brooklyn,75,89.4%
75K368,P.S. 368,Brooklyn,75,78.9%
75K369,P.S. K369 - Coy L. Cox School,Brooklyn,75,85.6%
75K370,P.S. 370,Brooklyn,75,89.1%
75K371,P.S. 371 - Lillian L. Rashkis,Brooklyn,75,70.4%
75K372,P.S. 372 -The Children's School,Brooklyn,75,94.0%
75K373,P.S. 373 - Brooklyn Transition Center,Brooklyn,75,82.8%
75K396,P.S. K396,Brooklyn,75,84.9%
75K721,P.S. K721 - Brooklyn Occupational Training Center,Brooklyn,75,84.2%
75K753,P.S. K753 - School for Career Development,Brooklyn,75,64.9%
75K771,P.S. K771,Brooklyn,75,86.4%
75K811,P.S. K811 Connie Lekas School,Brooklyn,75,82.7%
75M079,P.S. M079 - Horan School,Manhattan,75,75.4%
75M094,P.S. M094,Manhattan,75,87.4%
75M138,P.S. 138,Manhattan,75,82.7%
75M169,P.S. M169 - Robert F. Kennedy,Manhattan,75,85.3%
75M226,P.S. M226,Manhattan,75,87.9%
75M721,P.S. M721 - Manhattan Occupational Training Center,Manhattan,75,85.2%
75M751,Manhattan School for Career Development,Manhattan,75,74.8%
75M811,P.S. M811 - Mickey Mantle School,Manhattan,75,85.4%
75Q004,P.S. Q004,Queens,75,91.0%
75Q009,P.S. 009,Queens,75,85.9%
75Q075,Robert E. Peary School,Queens,75,87.5%
75Q177,P.S. Q177,Queens,75,89.2%
75Q224,P.S. Q224,Queens,75,89.4%
75Q233,P.S. Q233,Queens,75,87.6%
75Q255,P.S. Q255,Queens,75,92.0%
75Q277,The Riverview School,Queens,75,89.1%
75Q721,John F. Kennedy Jr. School,Queens,75,84.4%
75Q752,Queens Transition Center,Queens,75,73.0%
75Q811,P.S. Q811,Queens,75,87.3%
75Q993,P.S. Q993,Queens,75,87.5%
75R025,South Richmond High School I.S./P.S. 25,Staten Island,75,79.0%
75R037,The David Marquis School of the Arts,Staten Island,75,88.6%
75R373,P.S. R373,Staten Island,75,89.4%
75R721,The Richard H. Hungerford School,Staten Island,75,86.7%
75X010,P.S. X010,Bronx,75,84.8%
75X012,P.S. X012 Lewis and Clark School,Bronx,75,83.5%
75X017,P.S. X017,Bronx,75,86.0%
75X168,P.S. 168,Bronx,75,85.3%
75X176,P.S. X176,Bronx,75,89.6%
75X186,P186X Walter J. Damrosch School,Bronx,75,82.6%
75X188,P.S. X188,Bronx,75,86.5%
75X352,The Vida Bogart School for All Children,Bronx,75,85.5%
75X469,P469X - The Bronx School for Continuous Learners,Bronx,75,85.9%
75X596,P.S. X596,Bronx,75,90.8%
75X721,P.S. X721 - Stephen McSweeney School,Bronx,75,84.6%
75X754,J. M. Rapport School Career Development,Bronx,75,60.8%
75X811,P.S. X811,Bronx,75,83.3%
79M331,JUDITH S. KAYE SCHOOL - D79,Manhattan,79,41.5%
79Q344,East River Academy,Queens,79,32.4%
79X695,Passages Academy,Bronx,79,76.0%